#
# A fatal error has been detected by the Java Runtime Environment:
#
#  EXCEPTION_ACCESS_VIOLATION (0xc0000005) at pc=0x00007fff36befe1b, pid=7596, tid=1896
#
# JRE version: Java(TM) SE Runtime Environment (17.0.11+7) (build 17.0.11+7-LTS-207)
# Java VM: Java HotSpot(TM) 64-Bit Server VM (17.0.11+7-LTS-207, mixed mode, sharing, tiered, compressed oops, compressed class ptrs, g1 gc, windows-amd64)
# Problematic frame:
# V  [jvm.dll+0x69fe1b]
#
# No core dump will be written. Minidumps are not enabled by default on client versions of Windows
#
# If you would like to submit a bug report, please visit:
#   https://bugreport.java.com/bugreport/crash.jsp
#

---------------  S U M M A R Y ------------

Command Line: -XX:MaxMetaspaceSize=512m --add-opens=java.base/java.util=ALL-UNNAMED --add-opens=java.base/java.lang=ALL-UNNAMED --add-opens=java.base/java.lang.invoke=ALL-UNNAMED --add-opens=java.prefs/java.util.prefs=ALL-UNNAMED --add-opens=java.base/java.nio.charset=ALL-UNNAMED --add-opens=java.base/java.net=ALL-UNNAMED --add-opens=java.base/java.util.concurrent.atomic=ALL-UNNAMED -Xmx2048m -Dfile.encoding=windows-1252 -Duser.country=GB -Duser.language=en -Duser.variant -javaagent:C:\Users\DELL\.gradle\wrapper\dists\gradle-8.3-all\6en3ugtfdg5xnpx44z4qbwgas\gradle-8.3\lib\agents\gradle-instrumentation-agent-8.3.jar org.gradle.launcher.daemon.bootstrap.GradleDaemon 8.3

Host: Intel(R) Core(TM) i5-10310U CPU @ 1.70GHz, 8 cores, 15G,  Windows 10 , 64 bit Build 19041 (10.0.19041.4597)
Time: Fri Jan 10 06:20:34 2025 SA Pacific Standard Time elapsed time: 50.798835 seconds (0d 0h 0m 50s)

---------------  T H R E A D  ---------------

Current thread (0x00000175dc720550):  JavaThread "C2 CompilerThread1" daemon [_thread_in_native, id=1896, stack(0x0000005920a00000,0x0000005920b00000)]


Current CompileTask:
C2:  50798 17088       4       org.gradle.internal.vfs.impl.DefaultFileSystemAccess::readSnapshotFromLocation (27 bytes)

Stack: [0x0000005920a00000,0x0000005920b00000],  sp=0x0000005920afb6e0,  free space=1005k
Native frames: (J=compiled Java code, j=interpreted, Vv=VM code, C=native code)
V  [jvm.dll+0x69fe1b]
V  [jvm.dll+0x2208d0]
V  [jvm.dll+0x2173d4]
V  [jvm.dll+0x215505]
V  [jvm.dll+0x1a2040]
V  [jvm.dll+0x225a2b]
V  [jvm.dll+0x223bcb]
V  [jvm.dll+0x7903ec]
V  [jvm.dll+0x78a85a]
V  [jvm.dll+0x678bb5]
C  [ucrtbase.dll+0x21bb2]
C  [KERNEL32.DLL+0x17374]
C  [ntdll.dll+0x4cc91]


siginfo: EXCEPTION_ACCESS_VIOLATION (0xc0000005), reading address 0xffffffffffffffff


Registers:
RAX=0x00000175e0e98870, RBX=0x0000000000001e52, RCX=0x8000000000000000, RDX=0x0000005920afec60
RSP=0x0000005920afb6e0, RBP=0x0000005920afb7b0, RSI=0x00000175da5c4408, RDI=0x0000005920afb980
R8 =0x00007fff36eb6858, R9 =0x0000000000000000, R10=0x00007fffa1a00000, R11=0x0000000000001fff
R12=0x0000000000000000, R13=0x0000000000000013, R14=0x000000000000f290, R15=0x00000175bac0a860
RIP=0x00007fff36befe1b, EFLAGS=0x0000000000010286


Register to memory mapping:

RIP=0x00007fff36befe1b jvm.dll
RAX=0x00000175e0e98870 points into unknown readable memory: 0x00000175bac0a8d0 | d0 a8 c0 ba 75 01 00 00
RBX=0x0000000000001e52 is an unknown value
RCX=0x8000000000000000 is an unknown value
RDX=0x0000005920afec60 is pointing into the stack for thread: 0x00000175dc720550
RSP=0x0000005920afb6e0 is pointing into the stack for thread: 0x00000175dc720550
RBP=0x0000005920afb7b0 is pointing into the stack for thread: 0x00000175dc720550
RSI=0x00000175da5c4408 points into unknown readable memory: 0x00000175e9c3abf0 | f0 ab c3 e9 75 01 00 00
RDI=0x0000005920afb980 is pointing into the stack for thread: 0x00000175dc720550
R8 =0x00007fff36eb6858 jvm.dll
R9 =0x0 is NULL
R10=0x00007fffa1a00000 VCRUNTIME140.dll
R11=0x0000000000001fff is an unknown value
R12=0x0 is NULL
R13=0x0000000000000013 is an unknown value
R14=0x000000000000f290 is an unknown value
R15=0x00000175bac0a860 points into unknown readable memory: 0x00007fff36d971f8 | f8 71 d9 36 ff 7f 00 00


Top of Stack: (sp=0x0000005920afb6e0)
0x0000005920afb6e0:   0000000000001de4 0000005920afb7b0
0x0000005920afb6f0:   00000175da5c4408 00000175e7b0ff10
0x0000005920afb700:   00000175e0a24660 00000175de9d72d0
0x0000005920afb710:   00000000000009a0 0000000000000081
0x0000005920afb720:   00000175da5c4438 00007fff367708d0
0x0000005920afb730:   0000005920afb7b0 00000175da5c4408
0x0000005920afb740:   0000005920afb980 0000005920afead8
0x0000005920afb750:   00000175dd766100 00007fff00001000
0x0000005920afb760:   00000175df9b74a0 00000175000009a0
0x0000005920afb770:   0000000000000100 00000175e21252a0
0x0000005920afb780:   0000000000000100 00000175dd766100
0x0000005920afb790:   0000000000000000 0000000000000000
0x0000005920afb7a0:   0000005920afead8 00000175de9d72f0
0x0000005920afb7b0:   0000005920afead8 0000000000000000
0x0000005920afb7c0:   0000005920afb8d0 00007fff367673d4
0x0000005920afb7d0:   0000005920afe950 0000005920afb980 

Instructions: (pc=0x00007fff36befe1b)
0x00007fff36befd1b:   75 0c 48 8d 8d e0 09 00 00 e8 77 31 a0 ff 48 83
0x00007fff36befd2b:   c3 08 48 3b df 72 de 41 ff c4 45 3b 67 18 0f 82
0x00007fff36befd3b:   71 fe ff ff 45 84 ed 75 51 41 83 7f 20 00 76 2b
0x00007fff36befd4b:   49 8b 47 10 48 8b 18 49 83 06 10 49 8b 06 49 3b
0x00007fff36befd5b:   46 08 72 08 49 8b ce e8 39 8b fb ff 49 8b 06 48
0x00007fff36befd6b:   89 18 c7 40 08 00 00 00 00 eb 1f 49 83 06 f0 48
0x00007fff36befd7b:   8d 8d e0 09 00 00 49 8b d7 e8 e7 9c fb ff 48 8b
0x00007fff36befd8b:   4d 10 49 8b d7 e8 db 0c b8 ff 49 8b 06 49 3b 46
0x00007fff36befd9b:   10 0f 83 ae fd ff ff 4c 8b 7c 24 20 4c 8b 6c 24
0x00007fff36befdab:   28 4c 8b 64 24 60 48 8b 7c 24 58 48 8b 74 24 50
0x00007fff36befdbb:   48 83 c4 30 41 5e 5d 5b c3 cc cc cc cc cc cc cc
0x00007fff36befdcb:   cc cc cc cc cc 40 53 57 41 54 48 83 ec 30 45 33
0x00007fff36befddb:   e4 48 8b f9 41 8b dc 39 59 48 0f 86 2f 01 00 00
0x00007fff36befdeb:   4c 89 74 24 60 48 89 6c 24 50 48 89 74 24 58 4c
0x00007fff36befdfb:   89 7c 24 68 90 8b c3 4c 8d 34 c5 00 00 00 00 48
0x00007fff36befe0b:   8b 47 50 49 8b 0c 06 48 85 c9 0f 84 e0 00 00 00
0x00007fff36befe1b:   48 8b 01 ff 90 80 00 00 00 8b 4f 48 4c 8b f8 3b
0x00007fff36befe2b:   d9 0f 82 bd 00 00 00 85 c9 75 4e 48 8b 77 40 c7
0x00007fff36befe3b:   47 48 01 00 00 00 48 83 7e 18 ef 76 12 8d 51 10
0x00007fff36befe4b:   48 8b ce 4c 8d 05 8b 91 21 00 e8 06 c3 a0 ff 48
0x00007fff36befe5b:   8b 46 18 48 8d 48 10 48 3b 4e 20 76 11 45 33 c0
0x00007fff36befe6b:   48 8b ce 41 8d 50 10 e8 69 bf a0 ff eb 04 48 89
0x00007fff36befe7b:   4e 18 48 89 47 50 4c 89 20 8b 6f 48 8d 73 01 85
0x00007fff36befe8b:   f6 74 08 85 f3 75 04 8b d6 eb 0c 0f bd ce ba 01
0x00007fff36befe9b:   00 00 00 ff c1 d3 e2 48 8b 4f 40 48 8d 1c ed 00
0x00007fff36befeab:   00 00 00 44 8b ca 4c 8b c3 89 57 48 48 8b 57 50
0x00007fff36befebb:   49 c1 e1 03 44 89 64 24 20 e8 e7 b9 a0 ff 44 8b
0x00007fff36befecb:   47 48 33 d2 44 2b c5 48 89 47 50 49 c1 e0 03 48
0x00007fff36befedb:   8d 0c 03 e8 ef 73 19 00 48 8b 47 50 8b de 4d 89
0x00007fff36befeeb:   3c 06 eb 0e 48 8b 47 50 ff c3 4d 89 3c 06 eb 02
0x00007fff36befefb:   ff c3 3b 5f 48 0f 82 fa fe ff ff 4c 8b 7c 24 68
0x00007fff36beff0b:   4c 8b 74 24 60 48 8b 74 24 58 48 8b 6c 24 50 48 


Stack slot to memory mapping:
stack at sp + 0 slots: 0x0000000000001de4 is an unknown value
stack at sp + 1 slots: 0x0000005920afb7b0 is pointing into the stack for thread: 0x00000175dc720550
stack at sp + 2 slots: 0x00000175da5c4408 points into unknown readable memory: 0x00000175e9c3abf0 | f0 ab c3 e9 75 01 00 00
stack at sp + 3 slots: 0x00000175e7b0ff10 points into unknown readable memory: 0x00007fff36eb6858 | 58 68 eb 36 ff 7f 00 00
stack at sp + 4 slots: 0x00000175e0a24660 points into unknown readable memory: 0x0000005920afec60 | 60 ec af 20 59 00 00 00
stack at sp + 5 slots: 0x00000175de9d72d0 points into unknown readable memory: 0x0000000000000000 | 00 00 00 00 00 00 00 00
stack at sp + 6 slots: 0x00000000000009a0 is an unknown value
stack at sp + 7 slots: 0x0000000000000081 is an unknown value


---------------  P R O C E S S  ---------------

Threads class SMR info:
_java_thread_list=0x00000175e0cd7ed0, length=151, elements={
0x000001759a8877d0, 0x00000175baa713e0, 0x00000175baa73590, 0x00000175baa89220,
0x00000175baa8ab00, 0x00000175baa8b7e0, 0x00000175baa8e070, 0x00000175baa8ed20,
0x00000175baa90690, 0x00000175baa933c0, 0x00000175baa5b100, 0x00000175bade8f20,
0x00000175dbe9aab0, 0x00000175dc43d2a0, 0x00000175dae2d680, 0x00000175db2b8990,
0x00000175db5309a0, 0x00000175da28ba30, 0x00000175da28ce70, 0x00000175da28bf40,
0x00000175da28c960, 0x00000175da28c450, 0x00000175da289bd0, 0x00000175da28a5f0,
0x00000175da28a0e0, 0x00000175da28ab00, 0x00000175da28b010, 0x00000175da28b520,
0x00000175dcb6ef40, 0x00000175dcb6e010, 0x00000175dcb6c1b0, 0x00000175dcb6e520,
0x00000175dcb6b790, 0x00000175dcb6c6c0, 0x00000175dcb6f450, 0x00000175dcb6fe70,
0x00000175dcb6ea30, 0x00000175dcb6cbd0, 0x00000175dcb6d0e0, 0x00000175dcb726f0,
0x00000175dcb70890, 0x00000175dcb70da0, 0x00000175dcb6d5f0, 0x00000175dcb6db00,
0x00000175dcb72c00, 0x00000175dcb717c0, 0x00000175dcb71cd0, 0x00000175dcb721e0,
0x00000175dcb73110, 0x00000175dc2b35c0, 0x00000175dc2adaa0, 0x00000175dc2aeee0,
0x00000175dc2b0830, 0x00000175dc2b1c70, 0x00000175dc2ae9d0, 0x00000175dc2b2180,
0x00000175dc2b0d40, 0x00000175dc2afe10, 0x00000175dc2af900, 0x00000175dc2b3fe0,
0x00000175dc2b1250, 0x00000175dc2b2690, 0x00000175dc2b2ba0, 0x00000175dc2b30b0,
0x00000175dc2b44f0, 0x00000175dc2b4a00, 0x00000175dc2ad590, 0x00000175dc2af3f0,
0x00000175dc2b4f10, 0x00000175dcd98050, 0x00000175dcd99eb0, 0x00000175dcd9c220,
0x00000175dcd94db0, 0x00000175dcd9a3c0, 0x00000175dcd96700, 0x00000175dcd9bd10,
0x00000175dcd9ade0, 0x00000175dcd96c10, 0x00000175dcd9b800, 0x00000175dcd99490,
0x00000175dcd9b2f0, 0x00000175dcd98560, 0x00000175dcd98f80, 0x00000175dcd9c730,
0x00000175dcd98a70, 0x00000175dcd999a0, 0x00000175dcd952c0, 0x00000175dcd957d0,
0x00000175dcd961f0, 0x00000175dcd95ce0, 0x00000175dc720550, 0x00000175dc720aa0,
0x00000175e05aba20, 0x00000175e05ac440, 0x00000175e05ae2a0, 0x00000175e05ad370,
0x00000175e05b0b20, 0x00000175e05afbf0, 0x00000175e05b1f60, 0x00000175e05aecc0,
0x00000175e05b1030, 0x00000175e05b1540, 0x00000175e05af1d0, 0x00000175e05b0100,
0x00000175e05add90, 0x00000175e05af6e0, 0x00000175e05b0610, 0x00000175e05b2980,
0x00000175e05ae7b0, 0x00000175dc2b0320, 0x00000175e7001000, 0x00000175e70042a0,
0x00000175e70056e0, 0x00000175e7002950, 0x00000175e7006100, 0x00000175e7006b20,
0x00000175e7004cc0, 0x00000175e7001f30, 0x00000175e7006610, 0x00000175e7007030,
0x00000175e7002e60, 0x00000175e7007540, 0x00000175e7007a50, 0x00000175e7005bf0,
0x00000175e7001a20, 0x00000175e7003370, 0x00000175e7003d90, 0x00000175e70051d0,
0x00000175e70047b0, 0x00000175da2896c0, 0x00000175e7db4300, 0x00000175e7db1570,
0x00000175e7db2ec0, 0x00000175e7db6160, 0x00000175e7db7090, 0x00000175e7db4810,
0x00000175e7db7fc0, 0x00000175e7db6670, 0x00000175e7db84d0, 0x00000175e7db1a80,
0x00000175e7db4d20, 0x00000175e7db1060, 0x00000175e7db38e0, 0x00000175e7db24a0,
0x00000175e7db5230, 0x00000175e7db1f90, 0x00000175e7db29b0, 0x00000175e7db75a0,
0x00000175e7db5c50, 0x00000175e7db6b80, 0x00000175e7ced7e0
}

Java Threads: ( => current thread )
  0x000001759a8877d0 JavaThread "main" [_thread_blocked, id=6056, stack(0x0000005919f00000,0x000000591a000000)]
  0x00000175baa713e0 JavaThread "Reference Handler" daemon [_thread_blocked, id=19232, stack(0x000000591a600000,0x000000591a700000)]
  0x00000175baa73590 JavaThread "Finalizer" daemon [_thread_blocked, id=17824, stack(0x000000591a700000,0x000000591a800000)]
  0x00000175baa89220 JavaThread "Signal Dispatcher" daemon [_thread_blocked, id=4644, stack(0x000000591a800000,0x000000591a900000)]
  0x00000175baa8ab00 JavaThread "Attach Listener" daemon [_thread_blocked, id=6036, stack(0x000000591a900000,0x000000591aa00000)]
  0x00000175baa8b7e0 JavaThread "Service Thread" daemon [_thread_blocked, id=12928, stack(0x000000591aa00000,0x000000591ab00000)]
  0x00000175baa8e070 JavaThread "Monitor Deflation Thread" daemon [_thread_blocked, id=14912, stack(0x000000591ab00000,0x000000591ac00000)]
  0x00000175baa8ed20 JavaThread "C2 CompilerThread0" daemon [_thread_in_native, id=15920, stack(0x000000591ac00000,0x000000591ad00000)]
  0x00000175baa90690 JavaThread "C1 CompilerThread0" daemon [_thread_blocked, id=13020, stack(0x000000591ad00000,0x000000591ae00000)]
  0x00000175baa933c0 JavaThread "Sweeper thread" daemon [_thread_blocked, id=13228, stack(0x000000591ae00000,0x000000591af00000)]
  0x00000175baa5b100 JavaThread "Common-Cleaner" daemon [_thread_blocked, id=2640, stack(0x000000591af00000,0x000000591b000000)]
  0x00000175bade8f20 JavaThread "Notification Thread" daemon [_thread_blocked, id=1452, stack(0x000000591b000000,0x000000591b100000)]
  0x00000175dbe9aab0 JavaThread "Daemon health stats" [_thread_blocked, id=19168, stack(0x000000591b900000,0x000000591ba00000)]
  0x00000175dc43d2a0 JavaThread "Incoming local TCP Connector on port 63025" [_thread_in_native, id=14748, stack(0x000000591ba00000,0x000000591bb00000)]
  0x00000175dae2d680 JavaThread "Daemon periodic checks" [_thread_blocked, id=240, stack(0x000000591bb00000,0x000000591bc00000)]
  0x00000175db2b8990 JavaThread "Daemon" [_thread_blocked, id=2232, stack(0x000000591bc00000,0x000000591bd00000)]
  0x00000175db5309a0 JavaThread "Handler for socket connection from /127.0.0.1:63025 to /127.0.0.1:63026" [_thread_in_native, id=9708, stack(0x000000591bd00000,0x000000591be00000)]
  0x00000175da28ba30 JavaThread "Cancel handler" [_thread_blocked, id=7608, stack(0x000000591be00000,0x000000591bf00000)]
  0x00000175da28ce70 JavaThread "Daemon worker" [_thread_blocked, id=408, stack(0x000000591bf00000,0x000000591c000000)]
  0x00000175da28bf40 JavaThread "Asynchronous log dispatcher for DefaultDaemonConnection: socket connection from /127.0.0.1:63025 to /127.0.0.1:63026" [_thread_blocked, id=8628, stack(0x000000591c000000,0x000000591c100000)]
  0x00000175da28c960 JavaThread "Stdin handler" [_thread_blocked, id=4912, stack(0x000000591c100000,0x000000591c200000)]
  0x00000175da28c450 JavaThread "Daemon client event forwarder" [_thread_blocked, id=19192, stack(0x000000591c200000,0x000000591c300000)]
  0x00000175da289bd0 JavaThread "Cache worker for journal cache (C:\Users\DELL\.gradle\caches\journal-1)" [_thread_blocked, id=17688, stack(0x000000591c300000,0x000000591c400000)]
  0x00000175da28a5f0 JavaThread "File lock request listener" [_thread_in_native, id=16504, stack(0x000000591c400000,0x000000591c500000)]
  0x00000175da28a0e0 JavaThread "Cache worker for file hash cache (C:\Users\DELL\.gradle\caches\8.3\fileHashes)" [_thread_blocked, id=15240, stack(0x000000591c500000,0x000000591c600000)]
  0x00000175da28ab00 JavaThread "File watcher server" daemon [_thread_in_native, id=18932, stack(0x000000591c600000,0x000000591c700000)]
  0x00000175da28b010 JavaThread "File watcher consumer" daemon [_thread_blocked, id=10496, stack(0x000000591c700000,0x000000591c800000)]
  0x00000175da28b520 JavaThread "Cache worker for checksums cache (D:\NewReactNative\NewFrontend\android\.gradle\8.3\checksums)" [_thread_blocked, id=8400, stack(0x000000591c800000,0x000000591c900000)]
  0x00000175dcb6ef40 JavaThread "Cache worker for file hash cache (D:\NewReactNative\NewFrontend\android\.gradle\8.3\fileHashes)" [_thread_blocked, id=18556, stack(0x000000591c900000,0x000000591ca00000)]
  0x00000175dcb6e010 JavaThread "Cache worker for cache directory md-supplier (C:\Users\DELL\.gradle\caches\8.3\md-supplier)" [_thread_blocked, id=5428, stack(0x000000591ca00000,0x000000591cb00000)]
  0x00000175dcb6c1b0 JavaThread "Cache worker for file content cache (C:\Users\DELL\.gradle\caches\8.3\fileContent)" [_thread_blocked, id=13136, stack(0x000000591cb00000,0x000000591cc00000)]
  0x00000175dcb6e520 JavaThread "Cache worker for cache directory md-rule (C:\Users\DELL\.gradle\caches\8.3\md-rule)" [_thread_blocked, id=4952, stack(0x000000591cf00000,0x000000591d000000)]
  0x00000175dcb6b790 JavaThread "Cache worker for execution history cache (C:\Users\DELL\.gradle\caches\8.3\executionHistory)" [_thread_blocked, id=16992, stack(0x000000591d000000,0x000000591d100000)]
  0x00000175dcb6c6c0 JavaThread "jar transforms" [_thread_blocked, id=3824, stack(0x000000591d100000,0x000000591d200000)]
  0x00000175dcb6f450 JavaThread "jar transforms Thread 2" [_thread_blocked, id=8308, stack(0x000000591d200000,0x000000591d300000)]
  0x00000175dcb6fe70 JavaThread "jar transforms Thread 3" [_thread_blocked, id=12700, stack(0x000000591d300000,0x000000591d400000)]
  0x00000175dcb6ea30 JavaThread "jar transforms Thread 4" [_thread_blocked, id=16600, stack(0x000000591d400000,0x000000591d500000)]
  0x00000175dcb6cbd0 JavaThread "Cache worker for kotlin-dsl (C:\Users\DELL\.gradle\caches\8.3\kotlin-dsl)" [_thread_blocked, id=6164, stack(0x000000591d500000,0x000000591d600000)]
  0x00000175dcb6d0e0 JavaThread "jar transforms Thread 5" [_thread_blocked, id=16772, stack(0x000000591d600000,0x000000591d700000)]
  0x00000175dcb726f0 JavaThread "jar transforms Thread 6" [_thread_blocked, id=4224, stack(0x000000591d700000,0x000000591d800000)]
  0x00000175dcb70890 JavaThread "Unconstrained build operations" [_thread_blocked, id=8860, stack(0x000000591b200000,0x000000591b300000)]
  0x00000175dcb70da0 JavaThread "Unconstrained build operations Thread 2" [_thread_blocked, id=6312, stack(0x000000591b300000,0x000000591b400000)]
  0x00000175dcb6d5f0 JavaThread "jar transforms Thread 7" [_thread_blocked, id=18652, stack(0x000000591d800000,0x000000591d900000)]
  0x00000175dcb6db00 JavaThread "jar transforms Thread 8" [_thread_blocked, id=10220, stack(0x000000591d900000,0x000000591da00000)]
  0x00000175dcb72c00 JavaThread "Cache worker for dependencies-accessors (D:\NewReactNative\NewFrontend\android\.gradle\8.3\dependencies-accessors)" [_thread_blocked, id=14516, stack(0x000000591db00000,0x000000591dc00000)]
  0x00000175dcb717c0 JavaThread "Cache worker for Build Output Cleanup Cache (D:\NewReactNative\NewFrontend\node_modules\@react-native\gradle-plugin\.gradle\buildOutputCleanup)" [_thread_blocked, id=1932, stack(0x000000591dd00000,0x000000591de00000)]
  0x00000175dcb71cd0 JavaThread "Unconstrained build operations Thread 3" [_thread_blocked, id=10704, stack(0x000000591de00000,0x000000591df00000)]
  0x00000175dcb721e0 JavaThread "Unconstrained build operations Thread 4" [_thread_blocked, id=13688, stack(0x000000591df00000,0x000000591e000000)]
  0x00000175dcb73110 JavaThread "Unconstrained build operations Thread 5" [_thread_blocked, id=2288, stack(0x000000591e000000,0x000000591e100000)]
  0x00000175dc2b35c0 JavaThread "Unconstrained build operations Thread 6" [_thread_blocked, id=14400, stack(0x000000591e100000,0x000000591e200000)]
  0x00000175dc2adaa0 JavaThread "Unconstrained build operations Thread 7" [_thread_blocked, id=15404, stack(0x000000591e200000,0x000000591e300000)]
  0x00000175dc2aeee0 JavaThread "Unconstrained build operations Thread 8" [_thread_blocked, id=16472, stack(0x000000591e300000,0x000000591e400000)]
  0x00000175dc2b0830 JavaThread "Unconstrained build operations Thread 9" [_thread_blocked, id=1380, stack(0x000000591e400000,0x000000591e500000)]
  0x00000175dc2b1c70 JavaThread "Memory manager" [_thread_blocked, id=14460, stack(0x000000591dc00000,0x000000591dd00000)]
  0x00000175dc2ae9d0 JavaThread "Cache worker for Build Output Cleanup Cache (D:\NewReactNative\NewFrontend\android\.gradle\buildOutputCleanup)" [_thread_blocked, id=12348, stack(0x000000591e500000,0x000000591e600000)]
  0x00000175dc2b2180 JavaThread "ForkJoinPool.commonPool-worker-1" daemon [_thread_blocked, id=8736, stack(0x000000591e700000,0x000000591e800000)]
  0x00000175dc2b0d40 JavaThread "ForkJoinPool.commonPool-worker-2" daemon [_thread_blocked, id=13792, stack(0x000000591e800000,0x000000591e900000)]
  0x00000175dc2afe10 JavaThread "ForkJoinPool.commonPool-worker-3" daemon [_thread_blocked, id=11492, stack(0x000000591e900000,0x000000591ea00000)]
  0x00000175dc2af900 JavaThread "ForkJoinPool.commonPool-worker-4" daemon [_thread_blocked, id=18664, stack(0x000000591ea00000,0x000000591eb00000)]
  0x00000175dc2b3fe0 JavaThread "ForkJoinPool.commonPool-worker-5" daemon [_thread_blocked, id=7076, stack(0x000000591eb00000,0x000000591ec00000)]
  0x00000175dc2b1250 JavaThread "ForkJoinPool.commonPool-worker-7" daemon [_thread_blocked, id=11484, stack(0x000000591ec00000,0x000000591ed00000)]
  0x00000175dc2b2690 JavaThread "ForkJoinPool.commonPool-worker-6" daemon [_thread_blocked, id=1436, stack(0x000000591ed00000,0x000000591ee00000)]
  0x00000175dc2b2ba0 JavaThread "Exec process" [_thread_blocked, id=17160, stack(0x000000591ee00000,0x000000591ef00000)]
  0x00000175dc2b30b0 JavaThread "Exec process Thread 2" [_thread_blocked, id=12308, stack(0x000000591ef00000,0x000000591f000000)]
  0x00000175dc2b44f0 JavaThread "Exec process Thread 3" [_thread_blocked, id=2364, stack(0x000000591f000000,0x000000591f100000)]
  0x00000175dc2b4a00 JavaThread "included builds" [_thread_blocked, id=10500, stack(0x000000591f100000,0x000000591f200000)]
  0x00000175dc2ad590 JavaThread "Execution worker" [_thread_blocked, id=4288, stack(0x000000591f200000,0x000000591f300000)]
  0x00000175dc2af3f0 JavaThread "Execution worker Thread 2" [_thread_blocked, id=13740, stack(0x000000591f300000,0x000000591f400000)]
  0x00000175dc2b4f10 JavaThread "Execution worker Thread 3" [_thread_blocked, id=8840, stack(0x000000591f400000,0x000000591f500000)]
  0x00000175dcd98050 JavaThread "Execution worker Thread 4" [_thread_blocked, id=2800, stack(0x000000591f500000,0x000000591f600000)]
  0x00000175dcd99eb0 JavaThread "Execution worker Thread 5" [_thread_blocked, id=11104, stack(0x000000591f600000,0x000000591f700000)]
  0x00000175dcd9c220 JavaThread "Execution worker Thread 6" [_thread_blocked, id=10984, stack(0x000000591f700000,0x000000591f800000)]
  0x00000175dcd94db0 JavaThread "Execution worker Thread 7" [_thread_blocked, id=7440, stack(0x000000591f800000,0x000000591f900000)]
  0x00000175dcd9a3c0 JavaThread "Cache worker for execution history cache (D:\NewReactNative\NewFrontend\node_modules\@react-native\gradle-plugin\.gradle\8.3\executionHistory)" [_thread_blocked, id=15936, stack(0x000000591f900000,0x000000591fa00000)]
  0x00000175dcd96700 JavaThread "Unconstrained build operations Thread 10" [_thread_blocked, id=8636, stack(0x000000591fa00000,0x000000591fb00000)]
  0x00000175dcd9bd10 JavaThread "Unconstrained build operations Thread 11" [_thread_blocked, id=12904, stack(0x000000591fb00000,0x000000591fc00000)]
  0x00000175dcd9ade0 JavaThread "Unconstrained build operations Thread 12" [_thread_blocked, id=14796, stack(0x000000591fc00000,0x000000591fd00000)]
  0x00000175dcd96c10 JavaThread "Unconstrained build operations Thread 13" [_thread_blocked, id=13368, stack(0x000000591fd00000,0x000000591fe00000)]
  0x00000175dcd9b800 JavaThread "Unconstrained build operations Thread 14" [_thread_blocked, id=9564, stack(0x000000591fe00000,0x000000591ff00000)]
  0x00000175dcd99490 JavaThread "Unconstrained build operations Thread 15" [_thread_blocked, id=480, stack(0x000000591ff00000,0x0000005920000000)]
  0x00000175dcd9b2f0 JavaThread "Unconstrained build operations Thread 16" [_thread_blocked, id=7208, stack(0x0000005920000000,0x0000005920100000)]
  0x00000175dcd98560 JavaThread "Unconstrained build operations Thread 17" [_thread_blocked, id=18588, stack(0x0000005920100000,0x0000005920200000)]
  0x00000175dcd98f80 JavaThread "Unconstrained build operations Thread 18" [_thread_blocked, id=8520, stack(0x0000005920200000,0x0000005920300000)]
  0x00000175dcd9c730 JavaThread "Unconstrained build operations Thread 19" [_thread_blocked, id=11552, stack(0x0000005920300000,0x0000005920400000)]
  0x00000175dcd98a70 JavaThread "Unconstrained build operations Thread 20" [_thread_blocked, id=17380, stack(0x0000005920400000,0x0000005920500000)]
  0x00000175dcd999a0 JavaThread "Unconstrained build operations Thread 21" [_thread_blocked, id=17360, stack(0x0000005920500000,0x0000005920600000)]
  0x00000175dcd952c0 JavaThread "Unconstrained build operations Thread 22" [_thread_blocked, id=17832, stack(0x0000005920600000,0x0000005920700000)]
  0x00000175dcd957d0 JavaThread "Unconstrained build operations Thread 23" [_thread_blocked, id=8884, stack(0x0000005920700000,0x0000005920800000)]
  0x00000175dcd961f0 JavaThread "Unconstrained build operations Thread 24" [_thread_blocked, id=10444, stack(0x0000005920800000,0x0000005920900000)]
  0x00000175dcd95ce0 JavaThread "Unconstrained build operations Thread 25" [_thread_blocked, id=972, stack(0x0000005920900000,0x0000005920a00000)]
=>0x00000175dc720550 JavaThread "C2 CompilerThread1" daemon [_thread_in_native, id=1896, stack(0x0000005920a00000,0x0000005920b00000)]
  0x00000175dc720aa0 JavaThread "C2 CompilerThread2" daemon [_thread_in_native, id=12908, stack(0x0000005920b00000,0x0000005920c00000)]
  0x00000175e05aba20 JavaThread "Unconstrained build operations Thread 26" [_thread_blocked, id=13128, stack(0x0000005920c00000,0x0000005920d00000)]
  0x00000175e05ac440 JavaThread "Unconstrained build operations Thread 27" [_thread_blocked, id=7416, stack(0x0000005920d00000,0x0000005920e00000)]
  0x00000175e05ae2a0 JavaThread "Unconstrained build operations Thread 28" [_thread_blocked, id=8968, stack(0x0000005920e00000,0x0000005920f00000)]
  0x00000175e05ad370 JavaThread "Unconstrained build operations Thread 29" [_thread_blocked, id=13420, stack(0x0000005920f00000,0x0000005921000000)]
  0x00000175e05b0b20 JavaThread "Unconstrained build operations Thread 30" [_thread_blocked, id=13224, stack(0x0000005921000000,0x0000005921100000)]
  0x00000175e05afbf0 JavaThread "Unconstrained build operations Thread 31" [_thread_blocked, id=14268, stack(0x0000005921100000,0x0000005921200000)]
  0x00000175e05b1f60 JavaThread "Unconstrained build operations Thread 32" [_thread_blocked, id=17420, stack(0x0000005921200000,0x0000005921300000)]
  0x00000175e05aecc0 JavaThread "Unconstrained build operations Thread 33" [_thread_blocked, id=11988, stack(0x0000005921300000,0x0000005921400000)]
  0x00000175e05b1030 JavaThread "Unconstrained build operations Thread 34" [_thread_blocked, id=13336, stack(0x0000005921400000,0x0000005921500000)]
  0x00000175e05b1540 JavaThread "Unconstrained build operations Thread 35" [_thread_blocked, id=15932, stack(0x0000005921500000,0x0000005921600000)]
  0x00000175e05af1d0 JavaThread "Unconstrained build operations Thread 36" [_thread_blocked, id=9364, stack(0x0000005921600000,0x0000005921700000)]
  0x00000175e05b0100 JavaThread "Unconstrained build operations Thread 37" [_thread_blocked, id=10724, stack(0x0000005921700000,0x0000005921800000)]
  0x00000175e05add90 JavaThread "Unconstrained build operations Thread 38" [_thread_blocked, id=14596, stack(0x0000005921800000,0x0000005921900000)]
  0x00000175e05af6e0 JavaThread "Unconstrained build operations Thread 39" [_thread_blocked, id=8904, stack(0x0000005921900000,0x0000005921a00000)]
  0x00000175e05b0610 JavaThread "Unconstrained build operations Thread 40" [_thread_blocked, id=10788, stack(0x0000005921a00000,0x0000005921b00000)]
  0x00000175e05b2980 JavaThread "Unconstrained build operations Thread 41" [_thread_blocked, id=9104, stack(0x0000005921d00000,0x0000005921e00000)]
  0x00000175e05ae7b0 JavaThread "Unconstrained build operations Thread 42" [_thread_blocked, id=16288, stack(0x0000005921e00000,0x0000005921f00000)]
  0x00000175dc2b0320 JavaThread "Unconstrained build operations Thread 43" [_thread_blocked, id=13388, stack(0x0000005921f00000,0x0000005922000000)]
  0x00000175e7001000 JavaThread "Unconstrained build operations Thread 44" [_thread_blocked, id=10176, stack(0x0000005922000000,0x0000005922100000)]
  0x00000175e70042a0 JavaThread "Unconstrained build operations Thread 45" [_thread_blocked, id=16460, stack(0x0000005922100000,0x0000005922200000)]
  0x00000175e70056e0 JavaThread "Unconstrained build operations Thread 46" [_thread_blocked, id=14520, stack(0x0000005922200000,0x0000005922300000)]
  0x00000175e7002950 JavaThread "Unconstrained build operations Thread 47" [_thread_blocked, id=7192, stack(0x0000005922300000,0x0000005922400000)]
  0x00000175e7006100 JavaThread "Unconstrained build operations Thread 48" [_thread_blocked, id=18264, stack(0x0000005922400000,0x0000005922500000)]
  0x00000175e7006b20 JavaThread "Unconstrained build operations Thread 49" [_thread_blocked, id=12820, stack(0x0000005922500000,0x0000005922600000)]
  0x00000175e7004cc0 JavaThread "Unconstrained build operations Thread 50" [_thread_blocked, id=15588, stack(0x0000005922600000,0x0000005922700000)]
  0x00000175e7001f30 JavaThread "Unconstrained build operations Thread 51" [_thread_blocked, id=14756, stack(0x0000005922700000,0x0000005922800000)]
  0x00000175e7006610 JavaThread "Unconstrained build operations Thread 52" [_thread_blocked, id=10328, stack(0x0000005922800000,0x0000005922900000)]
  0x00000175e7007030 JavaThread "Unconstrained build operations Thread 53" [_thread_blocked, id=4516, stack(0x0000005922900000,0x0000005922a00000)]
  0x00000175e7002e60 JavaThread "Unconstrained build operations Thread 54" [_thread_blocked, id=2672, stack(0x0000005922a00000,0x0000005922b00000)]
  0x00000175e7007540 JavaThread "Cache worker for execution history cache (D:\NewReactNative\NewFrontend\android\.gradle\8.3\executionHistory)" [_thread_blocked, id=9072, stack(0x0000005922b00000,0x0000005922c00000)]
  0x00000175e7007a50 JavaThread "Unconstrained build operations Thread 55" [_thread_blocked, id=6872, stack(0x0000005922c00000,0x0000005922d00000)]
  0x00000175e7005bf0 JavaThread "Unconstrained build operations Thread 56" [_thread_blocked, id=14368, stack(0x0000005922d00000,0x0000005922e00000)]
  0x00000175e7001a20 JavaThread "Unconstrained build operations Thread 57" [_thread_blocked, id=17788, stack(0x0000005922e00000,0x0000005922f00000)]
  0x00000175e7003370 JavaThread "Unconstrained build operations Thread 58" [_thread_blocked, id=14540, stack(0x0000005922f00000,0x0000005923000000)]
  0x00000175e7003d90 JavaThread "Unconstrained build operations Thread 59" [_thread_blocked, id=16760, stack(0x0000005923000000,0x0000005923100000)]
  0x00000175e70051d0 JavaThread "Unconstrained build operations Thread 60" [_thread_blocked, id=18404, stack(0x0000005923100000,0x0000005923200000)]
  0x00000175e70047b0 JavaThread "Unconstrained build operations Thread 61" [_thread_blocked, id=19124, stack(0x0000005923200000,0x0000005923300000)]
  0x00000175da2896c0 JavaThread "Unconstrained build operations Thread 62" [_thread_blocked, id=7120, stack(0x0000005923300000,0x0000005923400000)]
  0x00000175e7db4300 JavaThread "Unconstrained build operations Thread 63" [_thread_blocked, id=13104, stack(0x0000005923400000,0x0000005923500000)]
  0x00000175e7db1570 JavaThread "Unconstrained build operations Thread 64" [_thread_blocked, id=5264, stack(0x0000005923500000,0x0000005923600000)]
  0x00000175e7db2ec0 JavaThread "Unconstrained build operations Thread 65" [_thread_blocked, id=12428, stack(0x0000005923600000,0x0000005923700000)]
  0x00000175e7db6160 JavaThread "Unconstrained build operations Thread 66" [_thread_blocked, id=9884, stack(0x0000005923700000,0x0000005923800000)]
  0x00000175e7db7090 JavaThread "Unconstrained build operations Thread 67" [_thread_blocked, id=18036, stack(0x0000005923800000,0x0000005923900000)]
  0x00000175e7db4810 JavaThread "Unconstrained build operations Thread 68" [_thread_blocked, id=1032, stack(0x0000005923900000,0x0000005923a00000)]
  0x00000175e7db7fc0 JavaThread "Unconstrained build operations Thread 69" [_thread_blocked, id=14328, stack(0x0000005923a00000,0x0000005923b00000)]
  0x00000175e7db6670 JavaThread "Unconstrained build operations Thread 70" [_thread_blocked, id=9716, stack(0x0000005923b00000,0x0000005923c00000)]
  0x00000175e7db84d0 JavaThread "Unconstrained build operations Thread 71" [_thread_blocked, id=16660, stack(0x0000005923c00000,0x0000005923d00000)]
  0x00000175e7db1a80 JavaThread "Unconstrained build operations Thread 72" [_thread_blocked, id=1020, stack(0x0000005923d00000,0x0000005923e00000)]
  0x00000175e7db4d20 JavaThread "Unconstrained build operations Thread 73" [_thread_blocked, id=6304, stack(0x0000005923e00000,0x0000005923f00000)]
  0x00000175e7db1060 JavaThread "Unconstrained build operations Thread 74" [_thread_blocked, id=9040, stack(0x0000005923f00000,0x0000005924000000)]
  0x00000175e7db38e0 JavaThread "Unconstrained build operations Thread 75" [_thread_blocked, id=13200, stack(0x0000005924000000,0x0000005924100000)]
  0x00000175e7db24a0 JavaThread "Unconstrained build operations Thread 76" [_thread_blocked, id=16160, stack(0x0000005924100000,0x0000005924200000)]
  0x00000175e7db5230 JavaThread "Unconstrained build operations Thread 77" [_thread_blocked, id=10572, stack(0x0000005924200000,0x0000005924300000)]
  0x00000175e7db1f90 JavaThread "Unconstrained build operations Thread 78" [_thread_blocked, id=10324, stack(0x0000005924300000,0x0000005924400000)]
  0x00000175e7db29b0 JavaThread "Unconstrained build operations Thread 79" [_thread_blocked, id=9688, stack(0x0000005924400000,0x0000005924500000)]
  0x00000175e7db75a0 JavaThread "Unconstrained build operations Thread 80" [_thread_blocked, id=9408, stack(0x0000005924500000,0x0000005924600000)]
  0x00000175e7db5c50 JavaThread "Monitor" [_thread_in_native, id=17004, stack(0x0000005924600000,0x0000005924700000)]
  0x00000175e7db6b80 JavaThread "JdwpProxyConnection" [_thread_in_native, id=12392, stack(0x0000005924700000,0x0000005924800000)]
  0x00000175e7ced7e0 JavaThread "Device List Monitor" [_thread_in_native, id=16836, stack(0x0000005924800000,0x0000005924900000)]

Other Threads:
  0x00000175baa6c970 VMThread "VM Thread" [stack: 0x000000591a500000,0x000000591a600000] [id=16136]
  0x000001759a888790 WatcherThread [stack: 0x000000591b100000,0x000000591b200000] [id=9428]
  0x000001759a8e2e00 GCTaskThread "GC Thread#0" [stack: 0x000000591a000000,0x000000591a100000] [id=18276]
  0x00000175db204420 GCTaskThread "GC Thread#1" [stack: 0x000000591b400000,0x000000591b500000] [id=11436]
  0x00000175db205ce0 GCTaskThread "GC Thread#2" [stack: 0x000000591b500000,0x000000591b600000] [id=5636]
  0x00000175db204160 GCTaskThread "GC Thread#3" [stack: 0x000000591b600000,0x000000591b700000] [id=18152]
  0x00000175db2046e0 GCTaskThread "GC Thread#4" [stack: 0x000000591b700000,0x000000591b800000] [id=15552]
  0x00000175db2049a0 GCTaskThread "GC Thread#5" [stack: 0x000000591b800000,0x000000591b900000] [id=17036]
  0x00000175db2054a0 GCTaskThread "GC Thread#6" [stack: 0x000000591cc00000,0x000000591cd00000] [id=15388]
  0x00000175db205a20 GCTaskThread "GC Thread#7" [stack: 0x000000591cd00000,0x000000591ce00000] [id=12048]
  0x000001759a8f7c90 ConcurrentGCThread "G1 Main Marker" [stack: 0x000000591a100000,0x000000591a200000] [id=1888]
  0x000001759a8f8d50 ConcurrentGCThread "G1 Conc#0" [stack: 0x000000591a200000,0x000000591a300000] [id=4164]
  0x00000175dee0f970 ConcurrentGCThread "G1 Conc#1" [stack: 0x000000591ce00000,0x000000591cf00000] [id=14412]
  0x000001759a95ec20 ConcurrentGCThread "G1 Refine#0" [stack: 0x000000591a300000,0x000000591a400000] [id=19048]
  0x00000175da91c1e0 ConcurrentGCThread "G1 Refine#1" [stack: 0x0000005921b00000,0x0000005921c00000] [id=17124]
  0x00000175da91b910 ConcurrentGCThread "G1 Refine#2" [stack: 0x0000005921c00000,0x0000005921d00000] [id=18132]
  0x00000175ba928ae0 ConcurrentGCThread "G1 Service" [stack: 0x000000591a400000,0x000000591a500000] [id=11516]

Threads with active compile tasks:
C2 CompilerThread0    50970 17073       4       org.gradle.cache.internal.btree.CachingBlockStore::read (56 bytes)
C2 CompilerThread1    50970 17088       4       org.gradle.internal.vfs.impl.DefaultFileSystemAccess::readSnapshotFromLocation (27 bytes)
C2 CompilerThread2    50970 17081   !   4       org.gradle.cache.internal.ExclusiveCacheAccessingWorker::addToQueue (37 bytes)

VM state: not at safepoint (normal execution)

VM Mutex/Monitor currently owned by a thread: None

Heap address: 0x0000000080000000, size: 2048 MB, Compressed Oops mode: 32-bit

CDS archive(s) mapped at: [0x00000175bb000000-0x00000175bbbd0000-0x00000175bbbd0000), size 12386304, SharedBaseAddress: 0x00000175bb000000, ArchiveRelocationMode: 1.
Compressed class space mapped at: 0x00000175bc000000-0x00000175d6000000, reserved size: 436207616
Narrow klass base: 0x00000175bb000000, Narrow klass shift: 0, Narrow klass range: 0x100000000

GC Precious Log:
 CPUs: 8 total, 8 available
 Memory: 16067M
 Large Page Support: Disabled
 NUMA Support: Disabled
 Compressed Oops: Enabled (32-bit)
 Heap Region Size: 1M
 Heap Min Capacity: 8M
 Heap Initial Capacity: 252M
 Heap Max Capacity: 2G
 Pre-touch: Disabled
 Parallel Workers: 8
 Concurrent Workers: 2
 Concurrent Refinement Workers: 8
 Periodic GC: Disabled

Heap:
 garbage-first heap   total 417792K, used 297610K [0x0000000080000000, 0x0000000100000000)
  region size 1024K, 78 young (79872K), 10 survivors (10240K)
 Metaspace       used 102885K, committed 104256K, reserved 557056K
  class space    used 14234K, committed 14848K, reserved 425984K

Heap Regions: E=young(eden), S=young(survivor), O=old, HS=humongous(starts), HC=humongous(continues), CS=collection set, F=free, OA=open archive, CA=closed archive, TAMS=top-at-mark-start (previous, next)
|   0|0x0000000080000000, 0x0000000080100000, 0x0000000080100000|100%|HS|  |TAMS 0x0000000080100000, 0x0000000080000000| Complete 
|   1|0x0000000080100000, 0x0000000080200000, 0x0000000080200000|100%|HC|  |TAMS 0x0000000080200000, 0x0000000080100000| Complete 
|   2|0x0000000080200000, 0x0000000080300000, 0x0000000080300000|100%|HC|  |TAMS 0x0000000080300000, 0x0000000080200000| Complete 
|   3|0x0000000080300000, 0x0000000080400000, 0x0000000080400000|100%|HC|  |TAMS 0x0000000080400000, 0x0000000080300000| Complete 
|   4|0x0000000080400000, 0x0000000080500000, 0x0000000080500000|100%| O|  |TAMS 0x0000000080500000, 0x0000000080400000| Untracked 
|   5|0x0000000080500000, 0x0000000080600000, 0x0000000080600000|100%| O|  |TAMS 0x0000000080600000, 0x0000000080500000| Untracked 
|   6|0x0000000080600000, 0x0000000080700000, 0x0000000080700000|100%| O|  |TAMS 0x0000000080700000, 0x0000000080600000| Untracked 
|   7|0x0000000080700000, 0x0000000080800000, 0x0000000080800000|100%| O|  |TAMS 0x0000000080800000, 0x0000000080700000| Untracked 
|   8|0x0000000080800000, 0x0000000080900000, 0x0000000080900000|100%| O|  |TAMS 0x0000000080900000, 0x0000000080800000| Untracked 
|   9|0x0000000080900000, 0x0000000080a00000, 0x0000000080a00000|100%| O|  |TAMS 0x0000000080a00000, 0x0000000080900000| Untracked 
|  10|0x0000000080a00000, 0x0000000080b00000, 0x0000000080b00000|100%| O|  |TAMS 0x0000000080b00000, 0x0000000080a00000| Untracked 
|  11|0x0000000080b00000, 0x0000000080c00000, 0x0000000080c00000|100%| O|  |TAMS 0x0000000080c00000, 0x0000000080b00000| Untracked 
|  12|0x0000000080c00000, 0x0000000080d00000, 0x0000000080d00000|100%| O|  |TAMS 0x0000000080d00000, 0x0000000080c00000| Untracked 
|  13|0x0000000080d00000, 0x0000000080e00000, 0x0000000080e00000|100%| O|  |TAMS 0x0000000080e00000, 0x0000000080d00000| Untracked 
|  14|0x0000000080e00000, 0x0000000080f00000, 0x0000000080f00000|100%| O|  |TAMS 0x0000000080f00000, 0x0000000080e00000| Untracked 
|  15|0x0000000080f00000, 0x0000000081000000, 0x0000000081000000|100%| O|  |TAMS 0x0000000081000000, 0x0000000080f00000| Untracked 
|  16|0x0000000081000000, 0x0000000081100000, 0x0000000081100000|100%| O|  |TAMS 0x0000000081100000, 0x0000000081000000| Untracked 
|  17|0x0000000081100000, 0x0000000081200000, 0x0000000081200000|100%| O|  |TAMS 0x0000000081200000, 0x0000000081100000| Untracked 
|  18|0x0000000081200000, 0x0000000081300000, 0x0000000081300000|100%| O|  |TAMS 0x0000000081300000, 0x0000000081200000| Untracked 
|  19|0x0000000081300000, 0x0000000081400000, 0x0000000081400000|100%| O|  |TAMS 0x0000000081400000, 0x0000000081300000| Untracked 
|  20|0x0000000081400000, 0x0000000081500000, 0x0000000081500000|100%| O|  |TAMS 0x0000000081500000, 0x0000000081400000| Untracked 
|  21|0x0000000081500000, 0x0000000081600000, 0x0000000081600000|100%| O|  |TAMS 0x0000000081600000, 0x0000000081500000| Untracked 
|  22|0x0000000081600000, 0x0000000081700000, 0x0000000081700000|100%| O|  |TAMS 0x0000000081700000, 0x0000000081600000| Untracked 
|  23|0x0000000081700000, 0x0000000081800000, 0x0000000081800000|100%| O|  |TAMS 0x0000000081800000, 0x0000000081700000| Untracked 
|  24|0x0000000081800000, 0x0000000081900000, 0x0000000081900000|100%| O|  |TAMS 0x0000000081900000, 0x0000000081800000| Untracked 
|  25|0x0000000081900000, 0x0000000081a00000, 0x0000000081a00000|100%| O|  |TAMS 0x0000000081a00000, 0x0000000081900000| Untracked 
|  26|0x0000000081a00000, 0x0000000081b00000, 0x0000000081b00000|100%| O|  |TAMS 0x0000000081b00000, 0x0000000081a00000| Untracked 
|  27|0x0000000081b00000, 0x0000000081c00000, 0x0000000081c00000|100%| O|  |TAMS 0x0000000081c00000, 0x0000000081b00000| Untracked 
|  28|0x0000000081c00000, 0x0000000081d00000, 0x0000000081d00000|100%|HS|  |TAMS 0x0000000081d00000, 0x0000000081c00000| Complete 
|  29|0x0000000081d00000, 0x0000000081e00000, 0x0000000081e00000|100%| O|  |TAMS 0x0000000081e00000, 0x0000000081d00000| Untracked 
|  30|0x0000000081e00000, 0x0000000081f00000, 0x0000000081f00000|100%| O|  |TAMS 0x0000000081f00000, 0x0000000081e00000| Untracked 
|  31|0x0000000081f00000, 0x0000000082000000, 0x0000000082000000|100%| O|  |TAMS 0x0000000082000000, 0x0000000081f00000| Untracked 
|  32|0x0000000082000000, 0x0000000082100000, 0x0000000082100000|100%| O|  |TAMS 0x0000000082100000, 0x0000000082000000| Untracked 
|  33|0x0000000082100000, 0x0000000082200000, 0x0000000082200000|100%| O|  |TAMS 0x0000000082200000, 0x0000000082100000| Untracked 
|  34|0x0000000082200000, 0x0000000082300000, 0x0000000082300000|100%| O|  |TAMS 0x0000000082300000, 0x0000000082200000| Untracked 
|  35|0x0000000082300000, 0x0000000082400000, 0x0000000082400000|100%| O|  |TAMS 0x0000000082400000, 0x0000000082300000| Untracked 
|  36|0x0000000082400000, 0x0000000082500000, 0x0000000082500000|100%| O|  |TAMS 0x0000000082500000, 0x0000000082400000| Untracked 
|  37|0x0000000082500000, 0x0000000082600000, 0x0000000082600000|100%|HS|  |TAMS 0x0000000082600000, 0x0000000082500000| Complete 
|  38|0x0000000082600000, 0x0000000082700000, 0x0000000082700000|100%|HC|  |TAMS 0x0000000082700000, 0x0000000082600000| Complete 
|  39|0x0000000082700000, 0x0000000082800000, 0x0000000082800000|100%|HS|  |TAMS 0x0000000082800000, 0x0000000082700000| Complete 
|  40|0x0000000082800000, 0x0000000082900000, 0x0000000082900000|100%|HC|  |TAMS 0x0000000082900000, 0x0000000082800000| Complete 
|  41|0x0000000082900000, 0x0000000082a00000, 0x0000000082a00000|100%| O|  |TAMS 0x0000000082a00000, 0x0000000082900000| Untracked 
|  42|0x0000000082a00000, 0x0000000082b00000, 0x0000000082b00000|100%|HS|  |TAMS 0x0000000082b00000, 0x0000000082a00000| Complete 
|  43|0x0000000082b00000, 0x0000000082c00000, 0x0000000082c00000|100%|HC|  |TAMS 0x0000000082c00000, 0x0000000082b00000| Complete 
|  44|0x0000000082c00000, 0x0000000082d00000, 0x0000000082d00000|100%|HC|  |TAMS 0x0000000082d00000, 0x0000000082c00000| Complete 
|  45|0x0000000082d00000, 0x0000000082e00000, 0x0000000082e00000|100%|HC|  |TAMS 0x0000000082e00000, 0x0000000082d00000| Complete 
|  46|0x0000000082e00000, 0x0000000082f00000, 0x0000000082f00000|100%| O|  |TAMS 0x0000000082f00000, 0x0000000082e00000| Untracked 
|  47|0x0000000082f00000, 0x0000000083000000, 0x0000000083000000|100%| O|  |TAMS 0x0000000083000000, 0x0000000082f00000| Untracked 
|  48|0x0000000083000000, 0x0000000083100000, 0x0000000083100000|100%| O|  |TAMS 0x0000000083100000, 0x0000000083000000| Untracked 
|  49|0x0000000083100000, 0x0000000083200000, 0x0000000083200000|100%| O|  |TAMS 0x0000000083200000, 0x0000000083100000| Untracked 
|  50|0x0000000083200000, 0x0000000083300000, 0x0000000083300000|100%| O|  |TAMS 0x0000000083300000, 0x0000000083200000| Untracked 
|  51|0x0000000083300000, 0x0000000083400000, 0x0000000083400000|100%|HS|  |TAMS 0x0000000083400000, 0x0000000083300000| Complete 
|  52|0x0000000083400000, 0x0000000083500000, 0x0000000083500000|100%|HC|  |TAMS 0x0000000083500000, 0x0000000083400000| Complete 
|  53|0x0000000083500000, 0x0000000083600000, 0x0000000083600000|100%|HC|  |TAMS 0x0000000083600000, 0x0000000083500000| Complete 
|  54|0x0000000083600000, 0x0000000083700000, 0x0000000083700000|100%|HC|  |TAMS 0x0000000083700000, 0x0000000083600000| Complete 
|  55|0x0000000083700000, 0x0000000083800000, 0x0000000083800000|100%| O|  |TAMS 0x0000000083800000, 0x0000000083700000| Untracked 
|  56|0x0000000083800000, 0x0000000083900000, 0x0000000083900000|100%| O|  |TAMS 0x0000000083900000, 0x0000000083800000| Untracked 
|  57|0x0000000083900000, 0x0000000083a00000, 0x0000000083a00000|100%| O|  |TAMS 0x0000000083a00000, 0x0000000083900000| Untracked 
|  58|0x0000000083a00000, 0x0000000083b00000, 0x0000000083b00000|100%| O|  |TAMS 0x0000000083b00000, 0x0000000083a00000| Untracked 
|  59|0x0000000083b00000, 0x0000000083c00000, 0x0000000083c00000|100%| O|  |TAMS 0x0000000083c00000, 0x0000000083b00000| Untracked 
|  60|0x0000000083c00000, 0x0000000083d00000, 0x0000000083d00000|100%| O|  |TAMS 0x0000000083d00000, 0x0000000083c00000| Untracked 
|  61|0x0000000083d00000, 0x0000000083e00000, 0x0000000083e00000|100%| O|  |TAMS 0x0000000083e00000, 0x0000000083d00000| Untracked 
|  62|0x0000000083e00000, 0x0000000083f00000, 0x0000000083f00000|100%| O|  |TAMS 0x0000000083f00000, 0x0000000083e00000| Untracked 
|  63|0x0000000083f00000, 0x0000000084000000, 0x0000000084000000|100%| O|  |TAMS 0x0000000084000000, 0x0000000083f00000| Untracked 
|  64|0x0000000084000000, 0x0000000084100000, 0x0000000084100000|100%|HS|  |TAMS 0x0000000084100000, 0x0000000084000000| Complete 
|  65|0x0000000084100000, 0x0000000084200000, 0x0000000084200000|100%|HS|  |TAMS 0x0000000084200000, 0x0000000084100000| Complete 
|  66|0x0000000084200000, 0x0000000084300000, 0x0000000084300000|100%| O|  |TAMS 0x0000000084300000, 0x0000000084200000| Untracked 
|  67|0x0000000084300000, 0x0000000084400000, 0x0000000084400000|100%|HS|  |TAMS 0x0000000084400000, 0x0000000084300000| Complete 
|  68|0x0000000084400000, 0x0000000084500000, 0x0000000084500000|100%| O|  |TAMS 0x0000000084500000, 0x0000000084400000| Untracked 
|  69|0x0000000084500000, 0x0000000084600000, 0x0000000084600000|100%| O|  |TAMS 0x0000000084600000, 0x0000000084500000| Untracked 
|  70|0x0000000084600000, 0x0000000084700000, 0x0000000084700000|100%| O|  |TAMS 0x0000000084700000, 0x0000000084600000| Untracked 
|  71|0x0000000084700000, 0x0000000084800000, 0x0000000084800000|100%| O|  |TAMS 0x0000000084800000, 0x0000000084700000| Untracked 
|  72|0x0000000084800000, 0x0000000084900000, 0x0000000084900000|100%| O|  |TAMS 0x0000000084900000, 0x0000000084800000| Untracked 
|  73|0x0000000084900000, 0x0000000084a00000, 0x0000000084a00000|100%| O|  |TAMS 0x0000000084a00000, 0x0000000084900000| Untracked 
|  74|0x0000000084a00000, 0x0000000084b00000, 0x0000000084b00000|100%| O|  |TAMS 0x0000000084b00000, 0x0000000084a00000| Untracked 
|  75|0x0000000084b00000, 0x0000000084c00000, 0x0000000084c00000|100%| O|  |TAMS 0x0000000084c00000, 0x0000000084b00000| Untracked 
|  76|0x0000000084c00000, 0x0000000084d00000, 0x0000000084d00000|100%| O|  |TAMS 0x0000000084d00000, 0x0000000084c00000| Untracked 
|  77|0x0000000084d00000, 0x0000000084e00000, 0x0000000084e00000|100%| O|  |TAMS 0x0000000084e00000, 0x0000000084d00000| Untracked 
|  78|0x0000000084e00000, 0x0000000084f00000, 0x0000000084f00000|100%| O|  |TAMS 0x0000000084f00000, 0x0000000084e00000| Untracked 
|  79|0x0000000084f00000, 0x0000000085000000, 0x0000000085000000|100%| O|  |TAMS 0x0000000085000000, 0x0000000084f00000| Untracked 
|  80|0x0000000085000000, 0x0000000085100000, 0x0000000085100000|100%| O|  |TAMS 0x0000000085100000, 0x0000000085000000| Untracked 
|  81|0x0000000085100000, 0x0000000085200000, 0x0000000085200000|100%| O|  |TAMS 0x0000000085200000, 0x0000000085100000| Untracked 
|  82|0x0000000085200000, 0x0000000085300000, 0x0000000085300000|100%| O|  |TAMS 0x0000000085300000, 0x0000000085200000| Untracked 
|  83|0x0000000085300000, 0x0000000085400000, 0x0000000085400000|100%| O|  |TAMS 0x0000000085400000, 0x0000000085300000| Untracked 
|  84|0x0000000085400000, 0x0000000085500000, 0x0000000085500000|100%| O|  |TAMS 0x0000000085500000, 0x0000000085400000| Untracked 
|  85|0x0000000085500000, 0x0000000085600000, 0x0000000085600000|100%| O|  |TAMS 0x0000000085600000, 0x0000000085500000| Untracked 
|  86|0x0000000085600000, 0x0000000085700000, 0x0000000085700000|100%| O|  |TAMS 0x0000000085700000, 0x0000000085600000| Untracked 
|  87|0x0000000085700000, 0x0000000085800000, 0x0000000085800000|100%| O|  |TAMS 0x0000000085800000, 0x0000000085700000| Untracked 
|  88|0x0000000085800000, 0x0000000085900000, 0x0000000085900000|100%| O|  |TAMS 0x0000000085900000, 0x0000000085800000| Untracked 
|  89|0x0000000085900000, 0x0000000085a00000, 0x0000000085a00000|100%| O|  |TAMS 0x0000000085a00000, 0x0000000085900000| Untracked 
|  90|0x0000000085a00000, 0x0000000085b00000, 0x0000000085b00000|100%|HS|  |TAMS 0x0000000085b00000, 0x0000000085a00000| Complete 
|  91|0x0000000085b00000, 0x0000000085c00000, 0x0000000085c00000|100%|HC|  |TAMS 0x0000000085c00000, 0x0000000085b00000| Complete 
|  92|0x0000000085c00000, 0x0000000085d00000, 0x0000000085d00000|100%|HS|  |TAMS 0x0000000085d00000, 0x0000000085c00000| Complete 
|  93|0x0000000085d00000, 0x0000000085e00000, 0x0000000085e00000|100%|HC|  |TAMS 0x0000000085e00000, 0x0000000085d00000| Complete 
|  94|0x0000000085e00000, 0x0000000085f00000, 0x0000000085f00000|100%|HS|  |TAMS 0x0000000085f00000, 0x0000000085e00000| Complete 
|  95|0x0000000085f00000, 0x0000000086000000, 0x0000000086000000|100%|HC|  |TAMS 0x0000000086000000, 0x0000000085f00000| Complete 
|  96|0x0000000086000000, 0x0000000086100000, 0x0000000086100000|100%|HC|  |TAMS 0x0000000086100000, 0x0000000086000000| Complete 
|  97|0x0000000086100000, 0x0000000086200000, 0x0000000086200000|100%| O|  |TAMS 0x0000000086200000, 0x0000000086100000| Untracked 
|  98|0x0000000086200000, 0x0000000086300000, 0x0000000086300000|100%| O|  |TAMS 0x0000000086300000, 0x0000000086200000| Untracked 
|  99|0x0000000086300000, 0x0000000086400000, 0x0000000086400000|100%| O|  |TAMS 0x0000000086400000, 0x0000000086300000| Untracked 
| 100|0x0000000086400000, 0x0000000086500000, 0x0000000086500000|100%| O|  |TAMS 0x0000000086500000, 0x0000000086400000| Untracked 
| 101|0x0000000086500000, 0x0000000086600000, 0x0000000086600000|100%| O|  |TAMS 0x0000000086600000, 0x0000000086500000| Untracked 
| 102|0x0000000086600000, 0x0000000086700000, 0x0000000086700000|100%| O|  |TAMS 0x0000000086700000, 0x0000000086600000| Untracked 
| 103|0x0000000086700000, 0x0000000086800000, 0x0000000086800000|100%| O|  |TAMS 0x0000000086800000, 0x0000000086700000| Untracked 
| 104|0x0000000086800000, 0x0000000086900000, 0x0000000086900000|100%| O|  |TAMS 0x0000000086900000, 0x0000000086800000| Untracked 
| 105|0x0000000086900000, 0x0000000086a00000, 0x0000000086a00000|100%| O|  |TAMS 0x0000000086a00000, 0x0000000086900000| Untracked 
| 106|0x0000000086a00000, 0x0000000086b00000, 0x0000000086b00000|100%| O|  |TAMS 0x0000000086b00000, 0x0000000086a00000| Untracked 
| 107|0x0000000086b00000, 0x0000000086c00000, 0x0000000086c00000|100%| O|  |TAMS 0x0000000086c00000, 0x0000000086b00000| Untracked 
| 108|0x0000000086c00000, 0x0000000086d00000, 0x0000000086d00000|100%| O|  |TAMS 0x0000000086d00000, 0x0000000086c00000| Untracked 
| 109|0x0000000086d00000, 0x0000000086e00000, 0x0000000086e00000|100%| O|  |TAMS 0x0000000086e00000, 0x0000000086d00000| Untracked 
| 110|0x0000000086e00000, 0x0000000086f00000, 0x0000000086f00000|100%| O|  |TAMS 0x0000000086f00000, 0x0000000086e00000| Untracked 
| 111|0x0000000086f00000, 0x0000000087000000, 0x0000000087000000|100%| O|  |TAMS 0x0000000087000000, 0x0000000086f00000| Untracked 
| 112|0x0000000087000000, 0x0000000087100000, 0x0000000087100000|100%| O|  |TAMS 0x0000000087000000, 0x0000000087000000| Untracked 
| 113|0x0000000087100000, 0x0000000087200000, 0x0000000087200000|100%|HS|  |TAMS 0x0000000087200000, 0x0000000087100000| Complete 
| 114|0x0000000087200000, 0x0000000087300000, 0x0000000087300000|100%|HS|  |TAMS 0x0000000087300000, 0x0000000087200000| Complete 
| 115|0x0000000087300000, 0x0000000087400000, 0x0000000087400000|100%| O|  |TAMS 0x0000000087400000, 0x0000000087300000| Untracked 
| 116|0x0000000087400000, 0x0000000087500000, 0x0000000087500000|100%|HS|  |TAMS 0x0000000087500000, 0x0000000087400000| Complete 
| 117|0x0000000087500000, 0x0000000087600000, 0x0000000087600000|100%|HC|  |TAMS 0x0000000087600000, 0x0000000087500000| Complete 
| 118|0x0000000087600000, 0x0000000087700000, 0x0000000087700000|100%| O|  |TAMS 0x0000000087700000, 0x0000000087600000| Untracked 
| 119|0x0000000087700000, 0x0000000087800000, 0x0000000087800000|100%| O|  |TAMS 0x0000000087800000, 0x0000000087700000| Untracked 
| 120|0x0000000087800000, 0x0000000087900000, 0x0000000087900000|100%| O|  |TAMS 0x0000000087900000, 0x0000000087800000| Untracked 
| 121|0x0000000087900000, 0x0000000087a00000, 0x0000000087a00000|100%| O|  |TAMS 0x0000000087a00000, 0x0000000087900000| Untracked 
| 122|0x0000000087a00000, 0x0000000087b00000, 0x0000000087b00000|100%| O|  |TAMS 0x0000000087b00000, 0x0000000087a00000| Untracked 
| 123|0x0000000087b00000, 0x0000000087c00000, 0x0000000087c00000|100%| O|  |TAMS 0x0000000087c00000, 0x0000000087b00000| Untracked 
| 124|0x0000000087c00000, 0x0000000087d00000, 0x0000000087d00000|100%| O|  |TAMS 0x0000000087d00000, 0x0000000087c00000| Untracked 
| 125|0x0000000087d00000, 0x0000000087e00000, 0x0000000087e00000|100%| O|  |TAMS 0x0000000087e00000, 0x0000000087d00000| Untracked 
| 126|0x0000000087e00000, 0x0000000087f00000, 0x0000000087f00000|100%| O|  |TAMS 0x0000000087f00000, 0x0000000087e00000| Untracked 
| 127|0x0000000087f00000, 0x0000000088000000, 0x0000000088000000|100%| O|  |TAMS 0x0000000088000000, 0x0000000087f00000| Untracked 
| 128|0x0000000088000000, 0x0000000088100000, 0x0000000088100000|100%| O|  |TAMS 0x0000000088100000, 0x0000000088000000| Untracked 
| 129|0x0000000088100000, 0x0000000088200000, 0x0000000088200000|100%| O|  |TAMS 0x0000000088200000, 0x0000000088100000| Untracked 
| 130|0x0000000088200000, 0x0000000088300000, 0x0000000088300000|100%| O|  |TAMS 0x0000000088300000, 0x0000000088200000| Untracked 
| 131|0x0000000088300000, 0x0000000088400000, 0x0000000088400000|100%| O|  |TAMS 0x0000000088400000, 0x0000000088300000| Untracked 
| 132|0x0000000088400000, 0x0000000088500000, 0x0000000088500000|100%| O|  |TAMS 0x0000000088500000, 0x0000000088400000| Untracked 
| 133|0x0000000088500000, 0x0000000088600000, 0x0000000088600000|100%| O|  |TAMS 0x0000000088600000, 0x0000000088500000| Untracked 
| 134|0x0000000088600000, 0x0000000088700000, 0x0000000088700000|100%| O|  |TAMS 0x0000000088700000, 0x0000000088600000| Untracked 
| 135|0x0000000088700000, 0x0000000088800000, 0x0000000088800000|100%| O|  |TAMS 0x0000000088800000, 0x0000000088700000| Untracked 
| 136|0x0000000088800000, 0x0000000088900000, 0x0000000088900000|100%| O|  |TAMS 0x0000000088900000, 0x0000000088800000| Untracked 
| 137|0x0000000088900000, 0x0000000088a00000, 0x0000000088a00000|100%| O|  |TAMS 0x0000000088a00000, 0x0000000088900000| Untracked 
| 138|0x0000000088a00000, 0x0000000088b00000, 0x0000000088b00000|100%| O|  |TAMS 0x0000000088b00000, 0x0000000088a00000| Untracked 
| 139|0x0000000088b00000, 0x0000000088c00000, 0x0000000088c00000|100%| O|  |TAMS 0x0000000088c00000, 0x0000000088b00000| Untracked 
| 140|0x0000000088c00000, 0x0000000088d00000, 0x0000000088d00000|100%| O|  |TAMS 0x0000000088d00000, 0x0000000088c00000| Untracked 
| 141|0x0000000088d00000, 0x0000000088e00000, 0x0000000088e00000|100%| O|  |TAMS 0x0000000088e00000, 0x0000000088d00000| Untracked 
| 142|0x0000000088e00000, 0x0000000088f00000, 0x0000000088f00000|100%| O|  |TAMS 0x0000000088e00000, 0x0000000088e00000| Untracked 
| 143|0x0000000088f00000, 0x0000000089000000, 0x0000000089000000|100%| O|  |TAMS 0x0000000089000000, 0x0000000088f00000| Untracked 
| 144|0x0000000089000000, 0x0000000089100000, 0x0000000089100000|100%|HS|  |TAMS 0x0000000089100000, 0x0000000089000000| Complete 
| 145|0x0000000089100000, 0x0000000089200000, 0x0000000089200000|100%|HS|  |TAMS 0x0000000089200000, 0x0000000089100000| Complete 
| 146|0x0000000089200000, 0x0000000089300000, 0x0000000089300000|100%| O|  |TAMS 0x0000000089300000, 0x0000000089200000| Untracked 
| 147|0x0000000089300000, 0x0000000089400000, 0x0000000089400000|100%| O|  |TAMS 0x0000000089300000, 0x0000000089300000| Untracked 
| 148|0x0000000089400000, 0x0000000089500000, 0x0000000089500000|100%| O|  |TAMS 0x0000000089500000, 0x0000000089400000| Untracked 
| 149|0x0000000089500000, 0x0000000089600000, 0x0000000089600000|100%| O|  |TAMS 0x0000000089600000, 0x0000000089500000| Untracked 
| 150|0x0000000089600000, 0x0000000089700000, 0x0000000089700000|100%| O|  |TAMS 0x0000000089700000, 0x0000000089600000| Untracked 
| 151|0x0000000089700000, 0x0000000089800000, 0x0000000089800000|100%| O|  |TAMS 0x0000000089800000, 0x0000000089700000| Untracked 
| 152|0x0000000089800000, 0x0000000089900000, 0x0000000089900000|100%| O|  |TAMS 0x0000000089900000, 0x0000000089800000| Untracked 
| 153|0x0000000089900000, 0x0000000089a00000, 0x0000000089a00000|100%| O|  |TAMS 0x0000000089a00000, 0x0000000089900000| Untracked 
| 154|0x0000000089a00000, 0x0000000089b00000, 0x0000000089b00000|100%| O|  |TAMS 0x0000000089b00000, 0x0000000089a00000| Untracked 
| 155|0x0000000089b00000, 0x0000000089c00000, 0x0000000089c00000|100%| O|  |TAMS 0x0000000089c00000, 0x0000000089b00000| Untracked 
| 156|0x0000000089c00000, 0x0000000089d00000, 0x0000000089d00000|100%| O|  |TAMS 0x0000000089d00000, 0x0000000089c00000| Untracked 
| 157|0x0000000089d00000, 0x0000000089e00000, 0x0000000089e00000|100%| O|  |TAMS 0x0000000089e00000, 0x0000000089d00000| Untracked 
| 158|0x0000000089e00000, 0x0000000089f00000, 0x0000000089f00000|100%| O|  |TAMS 0x0000000089f00000, 0x0000000089e00000| Untracked 
| 159|0x0000000089f00000, 0x000000008a000000, 0x000000008a000000|100%| O|  |TAMS 0x000000008a000000, 0x0000000089f00000| Untracked 
| 160|0x000000008a000000, 0x000000008a100000, 0x000000008a100000|100%| O|  |TAMS 0x000000008a100000, 0x000000008a000000| Untracked 
| 161|0x000000008a100000, 0x000000008a200000, 0x000000008a200000|100%| O|  |TAMS 0x000000008a200000, 0x000000008a100000| Untracked 
| 162|0x000000008a200000, 0x000000008a300000, 0x000000008a300000|100%| O|  |TAMS 0x000000008a300000, 0x000000008a200000| Untracked 
| 163|0x000000008a300000, 0x000000008a400000, 0x000000008a400000|100%| O|  |TAMS 0x000000008a400000, 0x000000008a300000| Untracked 
| 164|0x000000008a400000, 0x000000008a500000, 0x000000008a500000|100%| O|  |TAMS 0x000000008a500000, 0x000000008a400000| Untracked 
| 165|0x000000008a500000, 0x000000008a600000, 0x000000008a600000|100%| O|  |TAMS 0x000000008a600000, 0x000000008a500000| Untracked 
| 166|0x000000008a600000, 0x000000008a700000, 0x000000008a700000|100%| O|  |TAMS 0x000000008a700000, 0x000000008a600000| Untracked 
| 167|0x000000008a700000, 0x000000008a800000, 0x000000008a800000|100%| O|  |TAMS 0x000000008a800000, 0x000000008a700000| Untracked 
| 168|0x000000008a800000, 0x000000008a900000, 0x000000008a900000|100%| O|  |TAMS 0x000000008a900000, 0x000000008a800000| Untracked 
| 169|0x000000008a900000, 0x000000008aa00000, 0x000000008aa00000|100%| O|  |TAMS 0x000000008aa00000, 0x000000008a900000| Untracked 
| 170|0x000000008aa00000, 0x000000008ab00000, 0x000000008ab00000|100%| O|  |TAMS 0x000000008ab00000, 0x000000008aa00000| Untracked 
| 171|0x000000008ab00000, 0x000000008ac00000, 0x000000008ac00000|100%| O|  |TAMS 0x000000008ac00000, 0x000000008ab00000| Untracked 
| 172|0x000000008ac00000, 0x000000008ad00000, 0x000000008ad00000|100%| O|  |TAMS 0x000000008ad00000, 0x000000008ac00000| Untracked 
| 173|0x000000008ad00000, 0x000000008ae00000, 0x000000008ae00000|100%| O|  |TAMS 0x000000008ae00000, 0x000000008ad00000| Untracked 
| 174|0x000000008ae00000, 0x000000008af00000, 0x000000008af00000|100%| O|  |TAMS 0x000000008af00000, 0x000000008ae00000| Untracked 
| 175|0x000000008af00000, 0x000000008b000000, 0x000000008b000000|100%| O|  |TAMS 0x000000008b000000, 0x000000008af00000| Untracked 
| 176|0x000000008b000000, 0x000000008b100000, 0x000000008b100000|100%| O|  |TAMS 0x000000008b100000, 0x000000008b000000| Untracked 
| 177|0x000000008b100000, 0x000000008b200000, 0x000000008b200000|100%| O|  |TAMS 0x000000008b100000, 0x000000008b100000| Untracked 
| 178|0x000000008b200000, 0x000000008b300000, 0x000000008b300000|100%| O|  |TAMS 0x000000008b281800, 0x000000008b200000| Untracked 
| 179|0x000000008b300000, 0x000000008b400000, 0x000000008b400000|100%| O|  |TAMS 0x000000008b300000, 0x000000008b300000| Untracked 
| 180|0x000000008b400000, 0x000000008b500000, 0x000000008b500000|100%| O|  |TAMS 0x000000008b400000, 0x000000008b400000| Untracked 
| 181|0x000000008b500000, 0x000000008b600000, 0x000000008b600000|100%| O|  |TAMS 0x000000008b500000, 0x000000008b500000| Untracked 
| 182|0x000000008b600000, 0x000000008b700000, 0x000000008b700000|100%| O|  |TAMS 0x000000008b600000, 0x000000008b600000| Untracked 
| 183|0x000000008b700000, 0x000000008b800000, 0x000000008b800000|100%| O|  |TAMS 0x000000008b700000, 0x000000008b700000| Untracked 
| 184|0x000000008b800000, 0x000000008b900000, 0x000000008b900000|100%| O|  |TAMS 0x000000008b800000, 0x000000008b800000| Untracked 
| 185|0x000000008b900000, 0x000000008ba00000, 0x000000008ba00000|100%| O|  |TAMS 0x000000008b900000, 0x000000008b900000| Untracked 
| 186|0x000000008ba00000, 0x000000008bb00000, 0x000000008bb00000|100%| O|  |TAMS 0x000000008ba00000, 0x000000008ba00000| Untracked 
| 187|0x000000008bb00000, 0x000000008bc00000, 0x000000008bc00000|100%| O|  |TAMS 0x000000008bb00000, 0x000000008bb00000| Untracked 
| 188|0x000000008bc00000, 0x000000008bd00000, 0x000000008bd00000|100%| O|  |TAMS 0x000000008bc00000, 0x000000008bc00000| Untracked 
| 189|0x000000008bd00000, 0x000000008be00000, 0x000000008be00000|100%| O|  |TAMS 0x000000008bd00000, 0x000000008bd00000| Untracked 
| 190|0x000000008be00000, 0x000000008bf00000, 0x000000008bf00000|100%| O|  |TAMS 0x000000008be00000, 0x000000008be00000| Untracked 
| 191|0x000000008bf00000, 0x000000008c000000, 0x000000008c000000|100%| O|  |TAMS 0x000000008bf00000, 0x000000008bf00000| Untracked 
| 192|0x000000008c000000, 0x000000008c100000, 0x000000008c100000|100%| O|  |TAMS 0x000000008c000000, 0x000000008c000000| Untracked 
| 193|0x000000008c100000, 0x000000008c200000, 0x000000008c200000|100%|HS|  |TAMS 0x000000008c100000, 0x000000008c100000| Complete 
| 194|0x000000008c200000, 0x000000008c300000, 0x000000008c300000|100%|HC|  |TAMS 0x000000008c200000, 0x000000008c200000| Complete 
| 195|0x000000008c300000, 0x000000008c400000, 0x000000008c400000|100%|HS|  |TAMS 0x000000008c300000, 0x000000008c300000| Complete 
| 196|0x000000008c400000, 0x000000008c500000, 0x000000008c500000|100%|HC|  |TAMS 0x000000008c400000, 0x000000008c400000| Complete 
| 197|0x000000008c500000, 0x000000008c600000, 0x000000008c600000|100%|HS|  |TAMS 0x000000008c500000, 0x000000008c500000| Complete 
| 198|0x000000008c600000, 0x000000008c700000, 0x000000008c700000|100%|HS|  |TAMS 0x000000008c600000, 0x000000008c600000| Complete 
| 199|0x000000008c700000, 0x000000008c800000, 0x000000008c800000|100%|HS|  |TAMS 0x000000008c700000, 0x000000008c700000| Complete 
| 200|0x000000008c800000, 0x000000008c900000, 0x000000008c900000|100%|HS|  |TAMS 0x000000008c800000, 0x000000008c800000| Complete 
| 201|0x000000008c900000, 0x000000008ca00000, 0x000000008ca00000|100%|HS|  |TAMS 0x000000008c900000, 0x000000008c900000| Complete 
| 202|0x000000008ca00000, 0x000000008ca00000, 0x000000008cb00000|  0%| F|  |TAMS 0x000000008ca00000, 0x000000008ca00000| Untracked 
| 203|0x000000008cb00000, 0x000000008cb00000, 0x000000008cc00000|  0%| F|  |TAMS 0x000000008cb00000, 0x000000008cb00000| Untracked 
| 204|0x000000008cc00000, 0x000000008cc00000, 0x000000008cd00000|  0%| F|  |TAMS 0x000000008cc00000, 0x000000008cc00000| Untracked 
| 205|0x000000008cd00000, 0x000000008ce00000, 0x000000008ce00000|100%| O|  |TAMS 0x000000008cd00000, 0x000000008cd00000| Untracked 
| 206|0x000000008ce00000, 0x000000008cf00000, 0x000000008cf00000|100%| O|  |TAMS 0x000000008ce00000, 0x000000008ce00000| Untracked 
| 207|0x000000008cf00000, 0x000000008d000000, 0x000000008d000000|100%| O|  |TAMS 0x000000008cf00000, 0x000000008cf00000| Untracked 
| 208|0x000000008d000000, 0x000000008d100000, 0x000000008d100000|100%| O|  |TAMS 0x000000008d000000, 0x000000008d000000| Untracked 
| 209|0x000000008d100000, 0x000000008d200000, 0x000000008d200000|100%| O|  |TAMS 0x000000008d100000, 0x000000008d100000| Untracked 
| 210|0x000000008d200000, 0x000000008d300000, 0x000000008d300000|100%| O|  |TAMS 0x000000008d200000, 0x000000008d200000| Untracked 
| 211|0x000000008d300000, 0x000000008d400000, 0x000000008d400000|100%| O|  |TAMS 0x000000008d300000, 0x000000008d300000| Untracked 
| 212|0x000000008d400000, 0x000000008d500000, 0x000000008d500000|100%| O|  |TAMS 0x000000008d400000, 0x000000008d400000| Untracked 
| 213|0x000000008d500000, 0x000000008d600000, 0x000000008d600000|100%| O|  |TAMS 0x000000008d500000, 0x000000008d500000| Untracked 
| 214|0x000000008d600000, 0x000000008d700000, 0x000000008d700000|100%| O|  |TAMS 0x000000008d600000, 0x000000008d600000| Untracked 
| 215|0x000000008d700000, 0x000000008d800000, 0x000000008d800000|100%| O|  |TAMS 0x000000008d700000, 0x000000008d700000| Untracked 
| 216|0x000000008d800000, 0x000000008d900000, 0x000000008d900000|100%| O|  |TAMS 0x000000008d800000, 0x000000008d800000| Untracked 
| 217|0x000000008d900000, 0x000000008d9a2a00, 0x000000008da00000| 63%| O|  |TAMS 0x000000008d900000, 0x000000008d900000| Untracked 
| 218|0x000000008da00000, 0x000000008da00000, 0x000000008db00000|  0%| F|  |TAMS 0x000000008da00000, 0x000000008da00000| Untracked 
| 219|0x000000008db00000, 0x000000008db00000, 0x000000008dc00000|  0%| F|  |TAMS 0x000000008db00000, 0x000000008db00000| Untracked 
| 220|0x000000008dc00000, 0x000000008dc00000, 0x000000008dd00000|  0%| F|  |TAMS 0x000000008dc00000, 0x000000008dc00000| Untracked 
| 221|0x000000008dd00000, 0x000000008dd00000, 0x000000008de00000|  0%| F|  |TAMS 0x000000008dd00000, 0x000000008dd00000| Untracked 
| 222|0x000000008de00000, 0x000000008de00000, 0x000000008df00000|  0%| F|  |TAMS 0x000000008de00000, 0x000000008de00000| Untracked 
| 223|0x000000008df00000, 0x000000008df00000, 0x000000008e000000|  0%| F|  |TAMS 0x000000008df00000, 0x000000008df00000| Untracked 
| 224|0x000000008e000000, 0x000000008e000000, 0x000000008e100000|  0%| F|  |TAMS 0x000000008e000000, 0x000000008e000000| Untracked 
| 225|0x000000008e100000, 0x000000008e100000, 0x000000008e200000|  0%| F|  |TAMS 0x000000008e100000, 0x000000008e100000| Untracked 
| 226|0x000000008e200000, 0x000000008e200000, 0x000000008e300000|  0%| F|  |TAMS 0x000000008e200000, 0x000000008e200000| Untracked 
| 227|0x000000008e300000, 0x000000008e300000, 0x000000008e400000|  0%| F|  |TAMS 0x000000008e300000, 0x000000008e300000| Untracked 
| 228|0x000000008e400000, 0x000000008e400000, 0x000000008e500000|  0%| F|  |TAMS 0x000000008e400000, 0x000000008e400000| Untracked 
| 229|0x000000008e500000, 0x000000008e500000, 0x000000008e600000|  0%| F|  |TAMS 0x000000008e500000, 0x000000008e500000| Untracked 
| 230|0x000000008e600000, 0x000000008e600000, 0x000000008e700000|  0%| F|  |TAMS 0x000000008e600000, 0x000000008e600000| Untracked 
| 231|0x000000008e700000, 0x000000008e700000, 0x000000008e800000|  0%| F|  |TAMS 0x000000008e700000, 0x000000008e700000| Untracked 
| 232|0x000000008e800000, 0x000000008e800000, 0x000000008e900000|  0%| F|  |TAMS 0x000000008e800000, 0x000000008e800000| Untracked 
| 233|0x000000008e900000, 0x000000008e900000, 0x000000008ea00000|  0%| F|  |TAMS 0x000000008e900000, 0x000000008e900000| Untracked 
| 234|0x000000008ea00000, 0x000000008ea00000, 0x000000008eb00000|  0%| F|  |TAMS 0x000000008ea00000, 0x000000008ea00000| Untracked 
| 235|0x000000008eb00000, 0x000000008eb00000, 0x000000008ec00000|  0%| F|  |TAMS 0x000000008eb00000, 0x000000008eb00000| Untracked 
| 236|0x000000008ec00000, 0x000000008ec00000, 0x000000008ed00000|  0%| F|  |TAMS 0x000000008ec00000, 0x000000008ec00000| Untracked 
| 237|0x000000008ed00000, 0x000000008ed00000, 0x000000008ee00000|  0%| F|  |TAMS 0x000000008ed00000, 0x000000008ed00000| Untracked 
| 238|0x000000008ee00000, 0x000000008ee00000, 0x000000008ef00000|  0%| F|  |TAMS 0x000000008ee00000, 0x000000008ee00000| Untracked 
| 239|0x000000008ef00000, 0x000000008ef00000, 0x000000008f000000|  0%| F|  |TAMS 0x000000008ef00000, 0x000000008ef00000| Untracked 
| 240|0x000000008f000000, 0x000000008f000000, 0x000000008f100000|  0%| F|  |TAMS 0x000000008f000000, 0x000000008f000000| Untracked 
| 241|0x000000008f100000, 0x000000008f100000, 0x000000008f200000|  0%| F|  |TAMS 0x000000008f100000, 0x000000008f100000| Untracked 
| 242|0x000000008f200000, 0x000000008f200000, 0x000000008f300000|  0%| F|  |TAMS 0x000000008f200000, 0x000000008f200000| Untracked 
| 243|0x000000008f300000, 0x000000008f300000, 0x000000008f400000|  0%| F|  |TAMS 0x000000008f300000, 0x000000008f300000| Untracked 
| 244|0x000000008f400000, 0x000000008f400000, 0x000000008f500000|  0%| F|  |TAMS 0x000000008f400000, 0x000000008f400000| Untracked 
| 245|0x000000008f500000, 0x000000008f500000, 0x000000008f600000|  0%| F|  |TAMS 0x000000008f500000, 0x000000008f500000| Untracked 
| 246|0x000000008f600000, 0x000000008f600000, 0x000000008f700000|  0%| F|  |TAMS 0x000000008f600000, 0x000000008f600000| Untracked 
| 247|0x000000008f700000, 0x000000008f700000, 0x000000008f800000|  0%| F|  |TAMS 0x000000008f700000, 0x000000008f700000| Untracked 
| 248|0x000000008f800000, 0x000000008f800000, 0x000000008f900000|  0%| F|  |TAMS 0x000000008f800000, 0x000000008f800000| Untracked 
| 249|0x000000008f900000, 0x000000008f900000, 0x000000008fa00000|  0%| F|  |TAMS 0x000000008f900000, 0x000000008f900000| Untracked 
| 250|0x000000008fa00000, 0x000000008fa00000, 0x000000008fb00000|  0%| F|  |TAMS 0x000000008fa00000, 0x000000008fa00000| Untracked 
| 251|0x000000008fb00000, 0x000000008fb00000, 0x000000008fc00000|  0%| F|  |TAMS 0x000000008fb00000, 0x000000008fb00000| Untracked 
| 252|0x000000008fc00000, 0x000000008fc00000, 0x000000008fd00000|  0%| F|  |TAMS 0x000000008fc00000, 0x000000008fc00000| Untracked 
| 253|0x000000008fd00000, 0x000000008fd00000, 0x000000008fe00000|  0%| F|  |TAMS 0x000000008fd00000, 0x000000008fd00000| Untracked 
| 254|0x000000008fe00000, 0x000000008fe00000, 0x000000008ff00000|  0%| F|  |TAMS 0x000000008fe00000, 0x000000008fe00000| Untracked 
| 255|0x000000008ff00000, 0x000000008ff00000, 0x0000000090000000|  0%| F|  |TAMS 0x000000008ff00000, 0x000000008ff00000| Untracked 
| 256|0x0000000090000000, 0x0000000090000000, 0x0000000090100000|  0%| F|  |TAMS 0x0000000090000000, 0x0000000090000000| Untracked 
| 257|0x0000000090100000, 0x0000000090100000, 0x0000000090200000|  0%| F|  |TAMS 0x0000000090100000, 0x0000000090100000| Untracked 
| 258|0x0000000090200000, 0x0000000090200000, 0x0000000090300000|  0%| F|  |TAMS 0x0000000090200000, 0x0000000090200000| Untracked 
| 259|0x0000000090300000, 0x0000000090300000, 0x0000000090400000|  0%| F|  |TAMS 0x0000000090300000, 0x0000000090300000| Untracked 
| 260|0x0000000090400000, 0x0000000090400000, 0x0000000090500000|  0%| F|  |TAMS 0x0000000090400000, 0x0000000090400000| Untracked 
| 261|0x0000000090500000, 0x0000000090500000, 0x0000000090600000|  0%| F|  |TAMS 0x0000000090500000, 0x0000000090500000| Untracked 
| 262|0x0000000090600000, 0x0000000090600000, 0x0000000090700000|  0%| F|  |TAMS 0x0000000090600000, 0x0000000090600000| Untracked 
| 263|0x0000000090700000, 0x0000000090700000, 0x0000000090800000|  0%| F|  |TAMS 0x0000000090700000, 0x0000000090700000| Untracked 
| 264|0x0000000090800000, 0x0000000090800000, 0x0000000090900000|  0%| F|  |TAMS 0x0000000090800000, 0x0000000090800000| Untracked 
| 265|0x0000000090900000, 0x0000000090900000, 0x0000000090a00000|  0%| F|  |TAMS 0x0000000090900000, 0x0000000090900000| Untracked 
| 266|0x0000000090a00000, 0x0000000090a00000, 0x0000000090b00000|  0%| F|  |TAMS 0x0000000090a00000, 0x0000000090a00000| Untracked 
| 267|0x0000000090b00000, 0x0000000090b00000, 0x0000000090c00000|  0%| F|  |TAMS 0x0000000090b00000, 0x0000000090b00000| Untracked 
| 268|0x0000000090c00000, 0x0000000090c00000, 0x0000000090d00000|  0%| F|  |TAMS 0x0000000090c00000, 0x0000000090c00000| Untracked 
| 269|0x0000000090d00000, 0x0000000090d00000, 0x0000000090e00000|  0%| F|  |TAMS 0x0000000090d00000, 0x0000000090d00000| Untracked 
| 270|0x0000000090e00000, 0x0000000090e00000, 0x0000000090f00000|  0%| F|  |TAMS 0x0000000090e00000, 0x0000000090e00000| Untracked 
| 271|0x0000000090f00000, 0x0000000090f00000, 0x0000000091000000|  0%| F|  |TAMS 0x0000000090f00000, 0x0000000090f00000| Untracked 
| 272|0x0000000091000000, 0x0000000091000000, 0x0000000091100000|  0%| F|  |TAMS 0x0000000091000000, 0x0000000091000000| Untracked 
| 273|0x0000000091100000, 0x0000000091100000, 0x0000000091200000|  0%| F|  |TAMS 0x0000000091100000, 0x0000000091100000| Untracked 
| 274|0x0000000091200000, 0x0000000091200000, 0x0000000091300000|  0%| F|  |TAMS 0x0000000091200000, 0x0000000091200000| Untracked 
| 275|0x0000000091300000, 0x0000000091400000, 0x0000000091400000|100%| S|CS|TAMS 0x0000000091300000, 0x0000000091300000| Complete 
| 276|0x0000000091400000, 0x0000000091500000, 0x0000000091500000|100%| S|CS|TAMS 0x0000000091400000, 0x0000000091400000| Complete 
| 277|0x0000000091500000, 0x0000000091600000, 0x0000000091600000|100%| S|CS|TAMS 0x0000000091500000, 0x0000000091500000| Complete 
| 278|0x0000000091600000, 0x0000000091700000, 0x0000000091700000|100%| S|CS|TAMS 0x0000000091600000, 0x0000000091600000| Complete 
| 279|0x0000000091700000, 0x0000000091800000, 0x0000000091800000|100%| S|CS|TAMS 0x0000000091700000, 0x0000000091700000| Complete 
| 280|0x0000000091800000, 0x0000000091900000, 0x0000000091900000|100%| S|CS|TAMS 0x0000000091800000, 0x0000000091800000| Complete 
| 281|0x0000000091900000, 0x0000000091900000, 0x0000000091a00000|  0%| F|  |TAMS 0x0000000091900000, 0x0000000091900000| Untracked 
| 282|0x0000000091a00000, 0x0000000091a00000, 0x0000000091b00000|  0%| F|  |TAMS 0x0000000091a00000, 0x0000000091a00000| Untracked 
| 283|0x0000000091b00000, 0x0000000091b00000, 0x0000000091c00000|  0%| F|  |TAMS 0x0000000091b00000, 0x0000000091b00000| Untracked 
| 284|0x0000000091c00000, 0x0000000091c00000, 0x0000000091d00000|  0%| F|  |TAMS 0x0000000091c00000, 0x0000000091c00000| Untracked 
| 285|0x0000000091d00000, 0x0000000091e00000, 0x0000000091e00000|100%| S|CS|TAMS 0x0000000091d00000, 0x0000000091d00000| Complete 
| 286|0x0000000091e00000, 0x0000000091f00000, 0x0000000091f00000|100%| S|CS|TAMS 0x0000000091e00000, 0x0000000091e00000| Complete 
| 287|0x0000000091f00000, 0x0000000092000000, 0x0000000092000000|100%| S|CS|TAMS 0x0000000091f00000, 0x0000000091f00000| Complete 
| 288|0x0000000092000000, 0x0000000092100000, 0x0000000092100000|100%| S|CS|TAMS 0x0000000092000000, 0x0000000092000000| Complete 
| 289|0x0000000092100000, 0x0000000092100000, 0x0000000092200000|  0%| F|  |TAMS 0x0000000092100000, 0x0000000092100000| Untracked 
| 290|0x0000000092200000, 0x0000000092200000, 0x0000000092300000|  0%| F|  |TAMS 0x0000000092200000, 0x0000000092200000| Untracked 
| 291|0x0000000092300000, 0x0000000092300000, 0x0000000092400000|  0%| F|  |TAMS 0x0000000092300000, 0x0000000092300000| Untracked 
| 292|0x0000000092400000, 0x0000000092400000, 0x0000000092500000|  0%| F|  |TAMS 0x0000000092400000, 0x0000000092400000| Untracked 
| 293|0x0000000092500000, 0x0000000092500000, 0x0000000092600000|  0%| F|  |TAMS 0x0000000092500000, 0x0000000092500000| Untracked 
| 294|0x0000000092600000, 0x0000000092600000, 0x0000000092700000|  0%| F|  |TAMS 0x0000000092600000, 0x0000000092600000| Untracked 
| 295|0x0000000092700000, 0x0000000092700000, 0x0000000092800000|  0%| F|  |TAMS 0x0000000092700000, 0x0000000092700000| Untracked 
| 296|0x0000000092800000, 0x0000000092800000, 0x0000000092900000|  0%| F|  |TAMS 0x0000000092800000, 0x0000000092800000| Untracked 
| 297|0x0000000092900000, 0x0000000092900000, 0x0000000092a00000|  0%| F|  |TAMS 0x0000000092900000, 0x0000000092900000| Untracked 
| 298|0x0000000092a00000, 0x0000000092a00000, 0x0000000092b00000|  0%| F|  |TAMS 0x0000000092a00000, 0x0000000092a00000| Untracked 
| 299|0x0000000092b00000, 0x0000000092b00000, 0x0000000092c00000|  0%| F|  |TAMS 0x0000000092b00000, 0x0000000092b00000| Untracked 
| 300|0x0000000092c00000, 0x0000000092c00000, 0x0000000092d00000|  0%| F|  |TAMS 0x0000000092c00000, 0x0000000092c00000| Untracked 
| 301|0x0000000092d00000, 0x0000000092d00000, 0x0000000092e00000|  0%| F|  |TAMS 0x0000000092d00000, 0x0000000092d00000| Untracked 
| 302|0x0000000092e00000, 0x0000000092e00000, 0x0000000092f00000|  0%| F|  |TAMS 0x0000000092e00000, 0x0000000092e00000| Untracked 
| 303|0x0000000092f00000, 0x0000000092f00000, 0x0000000093000000|  0%| F|  |TAMS 0x0000000092f00000, 0x0000000092f00000| Untracked 
| 304|0x0000000093000000, 0x0000000093000000, 0x0000000093100000|  0%| F|  |TAMS 0x0000000093000000, 0x0000000093000000| Untracked 
| 305|0x0000000093100000, 0x0000000093100000, 0x0000000093200000|  0%| F|  |TAMS 0x0000000093100000, 0x0000000093100000| Untracked 
| 306|0x0000000093200000, 0x0000000093200000, 0x0000000093300000|  0%| F|  |TAMS 0x0000000093200000, 0x0000000093200000| Untracked 
| 307|0x0000000093300000, 0x0000000093300000, 0x0000000093400000|  0%| F|  |TAMS 0x0000000093300000, 0x0000000093300000| Untracked 
| 308|0x0000000093400000, 0x0000000093400000, 0x0000000093500000|  0%| F|  |TAMS 0x0000000093400000, 0x0000000093400000| Untracked 
| 309|0x0000000093500000, 0x0000000093500000, 0x0000000093600000|  0%| F|  |TAMS 0x0000000093500000, 0x0000000093500000| Untracked 
| 310|0x0000000093600000, 0x0000000093600000, 0x0000000093700000|  0%| F|  |TAMS 0x0000000093600000, 0x0000000093600000| Untracked 
| 311|0x0000000093700000, 0x0000000093700000, 0x0000000093800000|  0%| F|  |TAMS 0x0000000093700000, 0x0000000093700000| Untracked 
| 312|0x0000000093800000, 0x0000000093800000, 0x0000000093900000|  0%| F|  |TAMS 0x0000000093800000, 0x0000000093800000| Untracked 
| 313|0x0000000093900000, 0x0000000093900000, 0x0000000093a00000|  0%| F|  |TAMS 0x0000000093900000, 0x0000000093900000| Untracked 
| 314|0x0000000093a00000, 0x0000000093a00000, 0x0000000093b00000|  0%| F|  |TAMS 0x0000000093a00000, 0x0000000093a00000| Untracked 
| 315|0x0000000093b00000, 0x0000000093b00000, 0x0000000093c00000|  0%| F|  |TAMS 0x0000000093b00000, 0x0000000093b00000| Untracked 
| 316|0x0000000093c00000, 0x0000000093c00000, 0x0000000093d00000|  0%| F|  |TAMS 0x0000000093c00000, 0x0000000093c00000| Untracked 
| 317|0x0000000093d00000, 0x0000000093d00000, 0x0000000093e00000|  0%| F|  |TAMS 0x0000000093d00000, 0x0000000093d00000| Untracked 
| 318|0x0000000093e00000, 0x0000000093e00000, 0x0000000093f00000|  0%| F|  |TAMS 0x0000000093e00000, 0x0000000093e00000| Untracked 
| 319|0x0000000093f00000, 0x0000000093f00000, 0x0000000094000000|  0%| F|  |TAMS 0x0000000093f00000, 0x0000000093f00000| Untracked 
| 320|0x0000000094000000, 0x0000000094000000, 0x0000000094100000|  0%| F|  |TAMS 0x0000000094000000, 0x0000000094000000| Untracked 
| 321|0x0000000094100000, 0x0000000094100000, 0x0000000094200000|  0%| F|  |TAMS 0x0000000094100000, 0x0000000094100000| Untracked 
| 322|0x0000000094200000, 0x0000000094200000, 0x0000000094300000|  0%| F|  |TAMS 0x0000000094200000, 0x0000000094200000| Untracked 
| 323|0x0000000094300000, 0x0000000094300000, 0x0000000094400000|  0%| F|  |TAMS 0x0000000094300000, 0x0000000094300000| Untracked 
| 324|0x0000000094400000, 0x0000000094400000, 0x0000000094500000|  0%| F|  |TAMS 0x0000000094400000, 0x0000000094400000| Untracked 
| 325|0x0000000094500000, 0x0000000094500000, 0x0000000094600000|  0%| F|  |TAMS 0x0000000094500000, 0x0000000094500000| Untracked 
| 326|0x0000000094600000, 0x0000000094600000, 0x0000000094700000|  0%| F|  |TAMS 0x0000000094600000, 0x0000000094600000| Untracked 
| 327|0x0000000094700000, 0x0000000094700000, 0x0000000094800000|  0%| F|  |TAMS 0x0000000094700000, 0x0000000094700000| Untracked 
| 328|0x0000000094800000, 0x0000000094800000, 0x0000000094900000|  0%| F|  |TAMS 0x0000000094800000, 0x0000000094800000| Untracked 
| 329|0x0000000094900000, 0x0000000094900000, 0x0000000094a00000|  0%| F|  |TAMS 0x0000000094900000, 0x0000000094900000| Untracked 
| 330|0x0000000094a00000, 0x0000000094a00000, 0x0000000094b00000|  0%| F|  |TAMS 0x0000000094a00000, 0x0000000094a00000| Untracked 
| 331|0x0000000094b00000, 0x0000000094b00000, 0x0000000094c00000|  0%| F|  |TAMS 0x0000000094b00000, 0x0000000094b00000| Untracked 
| 332|0x0000000094c00000, 0x0000000094c00000, 0x0000000094d00000|  0%| F|  |TAMS 0x0000000094c00000, 0x0000000094c00000| Untracked 
| 333|0x0000000094d00000, 0x0000000094d00000, 0x0000000094e00000|  0%| F|  |TAMS 0x0000000094d00000, 0x0000000094d00000| Untracked 
| 334|0x0000000094e00000, 0x0000000094e00000, 0x0000000094f00000|  0%| F|  |TAMS 0x0000000094e00000, 0x0000000094e00000| Untracked 
| 335|0x0000000094f00000, 0x0000000094f00000, 0x0000000095000000|  0%| F|  |TAMS 0x0000000094f00000, 0x0000000094f00000| Untracked 
| 336|0x0000000095000000, 0x0000000095000000, 0x0000000095100000|  0%| F|  |TAMS 0x0000000095000000, 0x0000000095000000| Untracked 
| 337|0x0000000095100000, 0x0000000095100000, 0x0000000095200000|  0%| F|  |TAMS 0x0000000095100000, 0x0000000095100000| Untracked 
| 338|0x0000000095200000, 0x0000000095200000, 0x0000000095300000|  0%| F|  |TAMS 0x0000000095200000, 0x0000000095200000| Untracked 
| 339|0x0000000095300000, 0x0000000095300000, 0x0000000095400000|  0%| F|  |TAMS 0x0000000095300000, 0x0000000095300000| Untracked 
| 340|0x0000000095400000, 0x00000000954269c0, 0x0000000095500000| 15%| E|  |TAMS 0x0000000095400000, 0x0000000095400000| Complete 
| 341|0x0000000095500000, 0x0000000095600000, 0x0000000095600000|100%| E|CS|TAMS 0x0000000095500000, 0x0000000095500000| Complete 
| 342|0x0000000095600000, 0x0000000095700000, 0x0000000095700000|100%| E|  |TAMS 0x0000000095600000, 0x0000000095600000| Complete 
| 343|0x0000000095700000, 0x0000000095800000, 0x0000000095800000|100%| E|CS|TAMS 0x0000000095700000, 0x0000000095700000| Complete 
| 344|0x0000000095800000, 0x0000000095900000, 0x0000000095900000|100%| E|CS|TAMS 0x0000000095800000, 0x0000000095800000| Complete 
| 345|0x0000000095900000, 0x0000000095a00000, 0x0000000095a00000|100%| E|CS|TAMS 0x0000000095900000, 0x0000000095900000| Complete 
| 346|0x0000000095a00000, 0x0000000095b00000, 0x0000000095b00000|100%| E|CS|TAMS 0x0000000095a00000, 0x0000000095a00000| Complete 
| 347|0x0000000095b00000, 0x0000000095c00000, 0x0000000095c00000|100%| E|CS|TAMS 0x0000000095b00000, 0x0000000095b00000| Complete 
| 348|0x0000000095c00000, 0x0000000095d00000, 0x0000000095d00000|100%| E|CS|TAMS 0x0000000095c00000, 0x0000000095c00000| Complete 
| 349|0x0000000095d00000, 0x0000000095e00000, 0x0000000095e00000|100%| E|CS|TAMS 0x0000000095d00000, 0x0000000095d00000| Complete 
| 350|0x0000000095e00000, 0x0000000095f00000, 0x0000000095f00000|100%| E|CS|TAMS 0x0000000095e00000, 0x0000000095e00000| Complete 
| 351|0x0000000095f00000, 0x0000000096000000, 0x0000000096000000|100%| E|CS|TAMS 0x0000000095f00000, 0x0000000095f00000| Complete 
| 352|0x0000000096000000, 0x0000000096100000, 0x0000000096100000|100%| E|CS|TAMS 0x0000000096000000, 0x0000000096000000| Complete 
| 353|0x0000000096100000, 0x0000000096200000, 0x0000000096200000|100%| E|CS|TAMS 0x0000000096100000, 0x0000000096100000| Complete 
| 354|0x0000000096200000, 0x0000000096300000, 0x0000000096300000|100%| E|CS|TAMS 0x0000000096200000, 0x0000000096200000| Complete 
| 355|0x0000000096300000, 0x0000000096400000, 0x0000000096400000|100%| E|CS|TAMS 0x0000000096300000, 0x0000000096300000| Complete 
| 356|0x0000000096400000, 0x0000000096500000, 0x0000000096500000|100%| E|CS|TAMS 0x0000000096400000, 0x0000000096400000| Complete 
| 357|0x0000000096500000, 0x0000000096600000, 0x0000000096600000|100%| E|CS|TAMS 0x0000000096500000, 0x0000000096500000| Complete 
| 358|0x0000000096600000, 0x0000000096700000, 0x0000000096700000|100%| E|CS|TAMS 0x0000000096600000, 0x0000000096600000| Complete 
| 359|0x0000000096700000, 0x0000000096800000, 0x0000000096800000|100%| E|CS|TAMS 0x0000000096700000, 0x0000000096700000| Complete 
| 360|0x0000000096800000, 0x0000000096900000, 0x0000000096900000|100%| E|CS|TAMS 0x0000000096800000, 0x0000000096800000| Complete 
| 361|0x0000000096900000, 0x0000000096a00000, 0x0000000096a00000|100%| E|CS|TAMS 0x0000000096900000, 0x0000000096900000| Complete 
| 362|0x0000000096a00000, 0x0000000096b00000, 0x0000000096b00000|100%| E|CS|TAMS 0x0000000096a00000, 0x0000000096a00000| Complete 
| 363|0x0000000096b00000, 0x0000000096c00000, 0x0000000096c00000|100%| E|CS|TAMS 0x0000000096b00000, 0x0000000096b00000| Complete 
| 364|0x0000000096c00000, 0x0000000096d00000, 0x0000000096d00000|100%| E|CS|TAMS 0x0000000096c00000, 0x0000000096c00000| Complete 
| 365|0x0000000096d00000, 0x0000000096e00000, 0x0000000096e00000|100%| E|CS|TAMS 0x0000000096d00000, 0x0000000096d00000| Complete 
| 366|0x0000000096e00000, 0x0000000096f00000, 0x0000000096f00000|100%| E|CS|TAMS 0x0000000096e00000, 0x0000000096e00000| Complete 
| 367|0x0000000096f00000, 0x0000000097000000, 0x0000000097000000|100%| E|CS|TAMS 0x0000000096f00000, 0x0000000096f00000| Complete 
| 368|0x0000000097000000, 0x0000000097100000, 0x0000000097100000|100%| E|CS|TAMS 0x0000000097000000, 0x0000000097000000| Complete 
| 369|0x0000000097100000, 0x0000000097200000, 0x0000000097200000|100%| E|CS|TAMS 0x0000000097100000, 0x0000000097100000| Complete 
| 370|0x0000000097200000, 0x0000000097300000, 0x0000000097300000|100%| E|CS|TAMS 0x0000000097200000, 0x0000000097200000| Complete 
| 371|0x0000000097300000, 0x0000000097400000, 0x0000000097400000|100%| E|CS|TAMS 0x0000000097300000, 0x0000000097300000| Complete 
| 372|0x0000000097400000, 0x0000000097500000, 0x0000000097500000|100%| E|CS|TAMS 0x0000000097400000, 0x0000000097400000| Complete 
| 373|0x0000000097500000, 0x0000000097600000, 0x0000000097600000|100%| E|CS|TAMS 0x0000000097500000, 0x0000000097500000| Complete 
| 374|0x0000000097600000, 0x0000000097700000, 0x0000000097700000|100%| E|CS|TAMS 0x0000000097600000, 0x0000000097600000| Complete 
| 375|0x0000000097700000, 0x0000000097800000, 0x0000000097800000|100%| E|CS|TAMS 0x0000000097700000, 0x0000000097700000| Complete 
| 376|0x0000000097800000, 0x0000000097900000, 0x0000000097900000|100%| E|CS|TAMS 0x0000000097800000, 0x0000000097800000| Complete 
| 377|0x0000000097900000, 0x0000000097a00000, 0x0000000097a00000|100%| E|CS|TAMS 0x0000000097900000, 0x0000000097900000| Complete 
| 378|0x0000000097a00000, 0x0000000097b00000, 0x0000000097b00000|100%| E|CS|TAMS 0x0000000097a00000, 0x0000000097a00000| Complete 
| 379|0x0000000097b00000, 0x0000000097c00000, 0x0000000097c00000|100%| E|CS|TAMS 0x0000000097b00000, 0x0000000097b00000| Complete 
| 380|0x0000000097c00000, 0x0000000097d00000, 0x0000000097d00000|100%| E|CS|TAMS 0x0000000097c00000, 0x0000000097c00000| Complete 
| 381|0x0000000097d00000, 0x0000000097e00000, 0x0000000097e00000|100%| E|CS|TAMS 0x0000000097d00000, 0x0000000097d00000| Complete 
| 382|0x0000000097e00000, 0x0000000097f00000, 0x0000000097f00000|100%| E|CS|TAMS 0x0000000097e00000, 0x0000000097e00000| Complete 
| 383|0x0000000097f00000, 0x0000000098000000, 0x0000000098000000|100%| E|CS|TAMS 0x0000000097f00000, 0x0000000097f00000| Complete 
| 384|0x0000000098000000, 0x0000000098100000, 0x0000000098100000|100%| E|CS|TAMS 0x0000000098000000, 0x0000000098000000| Complete 
| 385|0x0000000098100000, 0x0000000098200000, 0x0000000098200000|100%| E|CS|TAMS 0x0000000098100000, 0x0000000098100000| Complete 
| 386|0x0000000098200000, 0x0000000098300000, 0x0000000098300000|100%| E|CS|TAMS 0x0000000098200000, 0x0000000098200000| Complete 
| 387|0x0000000098300000, 0x0000000098400000, 0x0000000098400000|100%| E|CS|TAMS 0x0000000098300000, 0x0000000098300000| Complete 
| 388|0x0000000098400000, 0x0000000098500000, 0x0000000098500000|100%| E|CS|TAMS 0x0000000098400000, 0x0000000098400000| Complete 
| 389|0x0000000098500000, 0x0000000098600000, 0x0000000098600000|100%| E|CS|TAMS 0x0000000098500000, 0x0000000098500000| Complete 
| 390|0x0000000098600000, 0x0000000098700000, 0x0000000098700000|100%| E|CS|TAMS 0x0000000098600000, 0x0000000098600000| Complete 
| 391|0x0000000098700000, 0x0000000098800000, 0x0000000098800000|100%| E|CS|TAMS 0x0000000098700000, 0x0000000098700000| Complete 
| 392|0x0000000098800000, 0x0000000098900000, 0x0000000098900000|100%| E|CS|TAMS 0x0000000098800000, 0x0000000098800000| Complete 
| 393|0x0000000098900000, 0x0000000098a00000, 0x0000000098a00000|100%| E|CS|TAMS 0x0000000098900000, 0x0000000098900000| Complete 
| 394|0x0000000098a00000, 0x0000000098b00000, 0x0000000098b00000|100%| E|CS|TAMS 0x0000000098a00000, 0x0000000098a00000| Complete 
| 395|0x0000000098b00000, 0x0000000098c00000, 0x0000000098c00000|100%| E|CS|TAMS 0x0000000098b00000, 0x0000000098b00000| Complete 
| 396|0x0000000098c00000, 0x0000000098d00000, 0x0000000098d00000|100%| E|CS|TAMS 0x0000000098c00000, 0x0000000098c00000| Complete 
| 397|0x0000000098d00000, 0x0000000098e00000, 0x0000000098e00000|100%| E|CS|TAMS 0x0000000098d00000, 0x0000000098d00000| Complete 
| 398|0x0000000098e00000, 0x0000000098f00000, 0x0000000098f00000|100%| E|CS|TAMS 0x0000000098e00000, 0x0000000098e00000| Complete 
| 399|0x0000000098f00000, 0x0000000099000000, 0x0000000099000000|100%| E|CS|TAMS 0x0000000098f00000, 0x0000000098f00000| Complete 
| 400|0x0000000099000000, 0x0000000099100000, 0x0000000099100000|100%| E|CS|TAMS 0x0000000099000000, 0x0000000099000000| Complete 
| 401|0x0000000099100000, 0x0000000099200000, 0x0000000099200000|100%| E|CS|TAMS 0x0000000099100000, 0x0000000099100000| Complete 
| 402|0x0000000099200000, 0x0000000099300000, 0x0000000099300000|100%| E|CS|TAMS 0x0000000099200000, 0x0000000099200000| Complete 
| 403|0x0000000099300000, 0x0000000099400000, 0x0000000099400000|100%| E|CS|TAMS 0x0000000099300000, 0x0000000099300000| Complete 
| 404|0x0000000099400000, 0x0000000099500000, 0x0000000099500000|100%| E|CS|TAMS 0x0000000099400000, 0x0000000099400000| Complete 
| 405|0x0000000099500000, 0x0000000099600000, 0x0000000099600000|100%| E|CS|TAMS 0x0000000099500000, 0x0000000099500000| Complete 
| 406|0x0000000099600000, 0x0000000099700000, 0x0000000099700000|100%| E|CS|TAMS 0x0000000099600000, 0x0000000099600000| Complete 
| 407|0x0000000099700000, 0x0000000099800000, 0x0000000099800000|100%| E|CS|TAMS 0x0000000099700000, 0x0000000099700000| Complete 

Card table byte_map: [0x00000175b3790000,0x00000175b3b90000] _byte_map_base: 0x00000175b3390000

Marking Bits (Prev, Next): (CMBitMap*) 0x000001759a8e4380, (CMBitMap*) 0x000001759a8e4340
 Prev Bits: [0x00000175b5f90000, 0x00000175b7f90000)
 Next Bits: [0x00000175b3f90000, 0x00000175b5f90000)

Polling page: 0x000001759a960000

Metaspace:

Usage:
  Non-class:     86.57 MB used.
      Class:     13.90 MB used.
       Both:    100.47 MB used.

Virtual space:
  Non-class space:      128.00 MB reserved,      87.31 MB ( 68%) committed,  2 nodes.
      Class space:      416.00 MB reserved,      14.50 MB (  3%) committed,  1 nodes.
             Both:      544.00 MB reserved,     101.81 MB ( 19%) committed. 

Chunk freelists:
   Non-Class:  7.93 MB
       Class:  1.46 MB
        Both:  9.40 MB

MaxMetaspaceSize: 512.00 MB
CompressedClassSpaceSize: 416.00 MB
Initial GC threshold: 21.00 MB
Current GC threshold: 164.81 MB
CDS: on
MetaspaceReclaimPolicy: balanced
 - commit_granule_bytes: 65536.
 - commit_granule_words: 8192.
 - virtual_space_node_default_size: 8388608.
 - enlarge_chunks_in_place: 1.
 - new_chunks_are_fully_committed: 0.
 - uncommit_free_chunks: 1.
 - use_allocation_guard: 0.
 - handle_deallocations: 1.


Internal statistics:

num_allocs_failed_limit: 9.
num_arena_births: 1788.
num_arena_deaths: 0.
num_vsnodes_births: 3.
num_vsnodes_deaths: 0.
num_space_committed: 1628.
num_space_uncommitted: 0.
num_chunks_returned_to_freelist: 9.
num_chunks_taken_from_freelist: 6426.
num_chunk_merges: 9.
num_chunk_splits: 4065.
num_chunks_enlarged: 2421.
num_inconsistent_stats: 0.

CodeHeap 'non-profiled nmethods': size=120000Kb used=10471Kb max_used=10471Kb free=109528Kb
 bounds [0x00000175ab3f0000, 0x00000175abe30000, 0x00000175b2920000]
CodeHeap 'profiled nmethods': size=120000Kb used=28949Kb max_used=28949Kb free=91051Kb
 bounds [0x00000175a3920000, 0x00000175a5570000, 0x00000175aae50000]
CodeHeap 'non-nmethods': size=5760Kb used=2409Kb max_used=2531Kb free=3351Kb
 bounds [0x00000175aae50000, 0x00000175ab0f0000, 0x00000175ab3f0000]
 total_blobs=15747 nmethods=14810 adapters=848
 compilation: enabled
              stopped_count=0, restarted_count=0
 full_count=0

Compilation events (20 events):
Event: 50.568 Thread 0x00000175dc720550 nmethod 16246 0x00000175abdef810 code [0x00000175abdf0120, 0x00000175abdf94c0]
Event: 50.569 Thread 0x00000175dc720550 17103       4       java.util.TimSort::sort (229 bytes)
Event: 50.625 Thread 0x00000175dc720550 nmethod 17103 0x00000175abdff610 code [0x00000175abdff860, 0x00000175abe01850]
Event: 50.625 Thread 0x00000175dc720550 17100       4       com.google.common.collect.ImmutableSortedMap$Builder::buildOrThrow (90 bytes)
Event: 50.639 Thread 0x00000175dc720550 nmethod 17100 0x00000175abe02910 code [0x00000175abe02ae0, 0x00000175abe03428]
Event: 50.639 Thread 0x00000175dc720550 17086       4       com.google.common.cache.LocalCache$LocalManualCache::get (23 bytes)
Event: 50.641 Thread 0x00000175dc720550 nmethod 17086 0x00000175abe03890 code [0x00000175abe03a20, 0x00000175abe03b68]
Event: 50.641 Thread 0x00000175dc720550 17109       4       com.google.common.collect.ImmutableMultimap$1::next (5 bytes)
Event: 50.654 Thread 0x00000175dc720550 nmethod 17109 0x00000175abe03d10 code [0x00000175abe03f00, 0x00000175abe04718]
Event: 50.654 Thread 0x00000175dc720550 17105       4       org.gradle.internal.logging.progress.DefaultProgressLoggerFactory$ProgressLoggerImpl::assertCanConfigure (32 bytes)
Event: 50.654 Thread 0x00000175dc720550 nmethod 17105 0x00000175abe04c90 code [0x00000175abe04e00, 0x00000175abe04e98]
Event: 50.654 Thread 0x00000175dc720550 17102       4       org.gradle.internal.operations.DefaultBuildOperationExecutor::lambda$new$0 (11 bytes)
Event: 50.655 Thread 0x00000175dc720550 nmethod 17102 0x00000175abe04f90 code [0x00000175abe05100, 0x00000175abe051d8]
Event: 50.656 Thread 0x00000175dc720550 17106       4       org.gradle.internal.logging.progress.DefaultProgressLoggerFactory$ProgressLoggerImpl::started (191 bytes)
Event: 50.750 Thread 0x00000175baa90690 17135       1       java.lang.invoke.MethodHandle::isVarargsCollector (2 bytes)
Event: 50.750 Thread 0x00000175baa90690 nmethod 17135 0x00000175abe05290 code [0x00000175abe05420, 0x00000175abe054f8]
Event: 50.766 Thread 0x00000175dc720550 nmethod 17106 0x00000175abe05590 code [0x00000175abe05880, 0x00000175abe080b0]
Event: 50.767 Thread 0x00000175dc720550 17107       4       org.gradle.internal.logging.progress.DefaultProgressLoggerFactory$ProgressLoggerImpl::assertNotStarted (63 bytes)
Event: 50.767 Thread 0x00000175dc720550 nmethod 17107 0x00000175abe09410 code [0x00000175abe095a0, 0x00000175abe09658]
Event: 50.767 Thread 0x00000175dc720550 17088       4       org.gradle.internal.vfs.impl.DefaultFileSystemAccess::readSnapshotFromLocation (27 bytes)

GC Heap History (20 events):
Event: 43.550 GC heap before
{Heap before GC invocations=41 (full 0):
 garbage-first heap   total 282624K, used 222933K [0x0000000080000000, 0x0000000100000000)
  region size 1024K, 61 young (62464K), 5 survivors (5120K)
 Metaspace       used 96571K, committed 97792K, reserved 557056K
  class space    used 13575K, committed 14144K, reserved 425984K
}
Event: 43.560 GC heap after
{Heap after GC invocations=42 (full 0):
 garbage-first heap   total 282624K, used 168478K [0x0000000080000000, 0x0000000100000000)
  region size 1024K, 3 young (3072K), 3 survivors (3072K)
 Metaspace       used 96571K, committed 97792K, reserved 557056K
  class space    used 13575K, committed 14144K, reserved 425984K
}
Event: 44.500 GC heap before
{Heap before GC invocations=42 (full 0):
 garbage-first heap   total 282624K, used 227870K [0x0000000080000000, 0x0000000100000000)
  region size 1024K, 61 young (62464K), 3 survivors (3072K)
 Metaspace       used 98368K, committed 99520K, reserved 557056K
  class space    used 13797K, committed 14336K, reserved 425984K
}
Event: 44.512 GC heap after
{Heap after GC invocations=43 (full 0):
 garbage-first heap   total 282624K, used 177152K [0x0000000080000000, 0x0000000100000000)
  region size 1024K, 8 young (8192K), 8 survivors (8192K)
 Metaspace       used 98368K, committed 99520K, reserved 557056K
  class space    used 13797K, committed 14336K, reserved 425984K
}
Event: 45.249 GC heap before
{Heap before GC invocations=43 (full 0):
 garbage-first heap   total 282624K, used 229376K [0x0000000080000000, 0x0000000100000000)
  region size 1024K, 59 young (60416K), 8 survivors (8192K)
 Metaspace       used 98732K, committed 99904K, reserved 557056K
  class space    used 13811K, committed 14336K, reserved 425984K
}
Event: 45.266 GC heap after
{Heap after GC invocations=44 (full 0):
 garbage-first heap   total 282624K, used 182704K [0x0000000080000000, 0x0000000100000000)
  region size 1024K, 6 young (6144K), 6 survivors (6144K)
 Metaspace       used 98732K, committed 99904K, reserved 557056K
  class space    used 13811K, committed 14336K, reserved 425984K
}
Event: 45.779 GC heap before
{Heap before GC invocations=44 (full 0):
 garbage-first heap   total 282624K, used 231856K [0x0000000080000000, 0x0000000100000000)
  region size 1024K, 54 young (55296K), 6 survivors (6144K)
 Metaspace       used 99226K, committed 100480K, reserved 557056K
  class space    used 13865K, committed 14464K, reserved 425984K
}
Event: 45.794 GC heap after
{Heap after GC invocations=45 (full 0):
 garbage-first heap   total 282624K, used 188698K [0x0000000080000000, 0x0000000100000000)
  region size 1024K, 6 young (6144K), 6 survivors (6144K)
 Metaspace       used 99226K, committed 100480K, reserved 557056K
  class space    used 13865K, committed 14464K, reserved 425984K
}
Event: 46.168 GC heap before
{Heap before GC invocations=45 (full 0):
 garbage-first heap   total 282624K, used 218394K [0x0000000080000000, 0x0000000100000000)
  region size 1024K, 37 young (37888K), 6 survivors (6144K)
 Metaspace       used 99899K, committed 101120K, reserved 557056K
  class space    used 13954K, committed 14528K, reserved 425984K
}
Event: 46.186 GC heap after
{Heap after GC invocations=46 (full 0):
 garbage-first heap   total 282624K, used 192907K [0x0000000080000000, 0x0000000100000000)
  region size 1024K, 5 young (5120K), 5 survivors (5120K)
 Metaspace       used 99899K, committed 101120K, reserved 557056K
  class space    used 13954K, committed 14528K, reserved 425984K
}
Event: 46.840 GC heap before
{Heap before GC invocations=47 (full 0):
 garbage-first heap   total 348160K, used 229771K [0x0000000080000000, 0x0000000100000000)
  region size 1024K, 42 young (43008K), 5 survivors (5120K)
 Metaspace       used 100341K, committed 101568K, reserved 557056K
  class space    used 14010K, committed 14592K, reserved 425984K
}
Event: 46.850 GC heap after
{Heap after GC invocations=48 (full 0):
 garbage-first heap   total 348160K, used 195276K [0x0000000080000000, 0x0000000100000000)
  region size 1024K, 3 young (3072K), 3 survivors (3072K)
 Metaspace       used 100341K, committed 101568K, reserved 557056K
  class space    used 14010K, committed 14592K, reserved 425984K
}
Event: 46.926 GC heap before
{Heap before GC invocations=48 (full 0):
 garbage-first heap   total 348160K, used 208588K [0x0000000080000000, 0x0000000100000000)
  region size 1024K, 17 young (17408K), 3 survivors (3072K)
 Metaspace       used 100386K, committed 101696K, reserved 557056K
  class space    used 14010K, committed 14592K, reserved 425984K
}
Event: 46.938 GC heap after
{Heap after GC invocations=49 (full 0):
 garbage-first heap   total 417792K, used 196519K [0x0000000080000000, 0x0000000100000000)
  region size 1024K, 3 young (3072K), 3 survivors (3072K)
 Metaspace       used 100386K, committed 101696K, reserved 557056K
  class space    used 14010K, committed 14592K, reserved 425984K
}
Event: 48.068 GC heap before
{Heap before GC invocations=49 (full 0):
 garbage-first heap   total 417792K, used 330663K [0x0000000080000000, 0x0000000100000000)
  region size 1024K, 127 young (130048K), 3 survivors (3072K)
 Metaspace       used 100560K, committed 101824K, reserved 557056K
  class space    used 14021K, committed 14592K, reserved 425984K
}
Event: 48.080 GC heap after
{Heap after GC invocations=50 (full 0):
 garbage-first heap   total 417792K, used 204365K [0x0000000080000000, 0x0000000100000000)
  region size 1024K, 11 young (11264K), 11 survivors (11264K)
 Metaspace       used 100560K, committed 101824K, reserved 557056K
  class space    used 14021K, committed 14592K, reserved 425984K
}
Event: 49.155 GC heap before
{Heap before GC invocations=50 (full 0):
 garbage-first heap   total 417792K, used 345677K [0x0000000080000000, 0x0000000100000000)
  region size 1024K, 134 young (137216K), 11 survivors (11264K)
 Metaspace       used 100984K, committed 102336K, reserved 557056K
  class space    used 14061K, committed 14656K, reserved 425984K
}
Event: 49.176 GC heap after
{Heap after GC invocations=51 (full 0):
 garbage-first heap   total 417792K, used 213076K [0x0000000080000000, 0x0000000100000000)
  region size 1024K, 17 young (17408K), 17 survivors (17408K)
 Metaspace       used 100984K, committed 102336K, reserved 557056K
  class space    used 14061K, committed 14656K, reserved 425984K
}
Event: 49.912 GC heap before
{Heap before GC invocations=51 (full 0):
 garbage-first heap   total 417792K, used 346196K [0x0000000080000000, 0x0000000100000000)
  region size 1024K, 136 young (139264K), 17 survivors (17408K)
 Metaspace       used 101176K, committed 102528K, reserved 557056K
  class space    used 14078K, committed 14720K, reserved 425984K
}
Event: 49.940 GC heap after
{Heap after GC invocations=52 (full 0):
 garbage-first heap   total 417792K, used 220810K [0x0000000080000000, 0x0000000100000000)
  region size 1024K, 10 young (10240K), 10 survivors (10240K)
 Metaspace       used 101176K, committed 102528K, reserved 557056K
  class space    used 14078K, committed 14720K, reserved 425984K
}

Deoptimization events (20 events):
Event: 50.321 Thread 0x00000175dcd94db0 Uncommon trap: trap_request=0xffffff45 fr.pc=0x00000175abd35284 relative=0x00000000000054a4
Event: 50.321 Thread 0x00000175dcd94db0 Uncommon trap: reason=unstable_if action=reinterpret pc=0x00000175abd35284 method=java.nio.file.FileTreeWalker.getAttributes(Ljava/nio/file/Path;Z)Ljava/nio/file/attribute/BasicFileAttributes; @ 35 c2
Event: 50.321 Thread 0x00000175dcd94db0 DEOPT PACKING pc=0x00000175abd35284 sp=0x000000591f8fad80
Event: 50.321 Thread 0x00000175dcd94db0 DEOPT UNPACKING pc=0x00000175aaea23a3 sp=0x000000591f8faca0 mode 2
Event: 50.357 Thread 0x00000175dcd94db0 Uncommon trap: trap_request=0xffffffc6 fr.pc=0x00000175abd46d4c relative=0x000000000000030c
Event: 50.357 Thread 0x00000175dcd94db0 Uncommon trap: reason=bimorphic_or_optimized_type_check action=maybe_recompile pc=0x00000175abd46d4c method=org.gradle.internal.snapshot.ChildMapFactory.childMapFromSorted(Ljava/util/List;)Lorg/gradle/internal/snapshot/ChildMap; @ 1 c2
Event: 50.357 Thread 0x00000175dcd94db0 DEOPT PACKING pc=0x00000175abd46d4c sp=0x000000591f8fbff0
Event: 50.357 Thread 0x00000175dcd94db0 DEOPT UNPACKING pc=0x00000175aaea23a3 sp=0x000000591f8fbfb8 mode 2
Event: 50.436 Thread 0x00000175dcd94db0 Uncommon trap: trap_request=0xffffff45 fr.pc=0x00000175ab5648a4 relative=0x0000000000000ba4
Event: 50.436 Thread 0x00000175dcd94db0 Uncommon trap: reason=unstable_if action=reinterpret pc=0x00000175ab5648a4 method=java.lang.Class.getTypeName()Ljava/lang/String; @ 23 c2
Event: 50.436 Thread 0x00000175dcd94db0 DEOPT PACKING pc=0x00000175ab5648a4 sp=0x000000591f8f9480
Event: 50.436 Thread 0x00000175dcd94db0 DEOPT UNPACKING pc=0x00000175aaea23a3 sp=0x000000591f8f9468 mode 2
Event: 50.597 Thread 0x00000175dcd94db0 Uncommon trap: trap_request=0xffffff45 fr.pc=0x00000175ab4bae94 relative=0x0000000000000094
Event: 50.597 Thread 0x00000175dcd94db0 Uncommon trap: reason=unstable_if action=reinterpret pc=0x00000175ab4bae94 method=java.util.concurrent.TimeUnit.toNanos(J)J @ 22 c2
Event: 50.598 Thread 0x00000175dcd94db0 DEOPT PACKING pc=0x00000175ab4bae94 sp=0x000000591f8fa410
Event: 50.598 Thread 0x00000175dcd94db0 DEOPT UNPACKING pc=0x00000175aaea23a3 sp=0x000000591f8fa3a0 mode 2
Event: 50.761 Thread 0x00000175e7ced7e0 Uncommon trap: trap_request=0xffffff45 fr.pc=0x00000175ab7bd368 relative=0x0000000000005308
Event: 50.761 Thread 0x00000175e7ced7e0 Uncommon trap: reason=unstable_if action=reinterpret pc=0x00000175ab7bd368 method=java.lang.String.split(Ljava/lang/String;I)[Ljava/lang/String; @ 282 c2
Event: 50.761 Thread 0x00000175e7ced7e0 DEOPT PACKING pc=0x00000175ab7bd368 sp=0x00000059248feec0
Event: 50.762 Thread 0x00000175e7ced7e0 DEOPT UNPACKING pc=0x00000175aaea23a3 sp=0x00000059248feed0 mode 2

Classes unloaded (0 events):
No events

Classes redefined (0 events):
No events

Internal exceptions (20 events):
Event: 49.795 Thread 0x00000175dcd94db0 Exception <a 'sun/nio/fs/WindowsException'{0x00000000976b4fd0}> (0x00000000976b4fd0) 
thrown [s\open\src\hotspot\share\prims\jni.cpp, line 516]
Event: 49.804 Thread 0x00000175dcd94db0 Exception <a 'sun/nio/fs/WindowsException'{0x0000000093a3fc38}> (0x0000000093a3fc38) 
thrown [s\open\src\hotspot\share\prims\jni.cpp, line 516]
Event: 49.807 Thread 0x00000175dcd9c220 Exception <a 'sun/nio/fs/WindowsException'{0x0000000097230f88}> (0x0000000097230f88) 
thrown [s\open\src\hotspot\share\prims\jni.cpp, line 516]
Event: 49.809 Thread 0x00000175dcd9c220 Exception <a 'sun/nio/fs/WindowsException'{0x0000000093a6adb8}> (0x0000000093a6adb8) 
thrown [s\open\src\hotspot\share\prims\jni.cpp, line 516]
Event: 49.811 Thread 0x00000175dcd9c220 Exception <a 'sun/nio/fs/WindowsException'{0x0000000093a7db78}> (0x0000000093a7db78) 
thrown [s\open\src\hotspot\share\prims\jni.cpp, line 516]
Event: 50.104 Thread 0x00000175dc2af3f0 Exception <a 'sun/nio/fs/WindowsException'{0x0000000097bea858}> (0x0000000097bea858) 
thrown [s\open\src\hotspot\share\prims\jni.cpp, line 516]
Event: 50.113 Thread 0x00000175dc2af3f0 Exception <a 'sun/nio/fs/WindowsException'{0x0000000097a392c8}> (0x0000000097a392c8) 
thrown [s\open\src\hotspot\share\prims\jni.cpp, line 516]
Event: 50.119 Thread 0x00000175dc2af3f0 Exception <a 'sun/nio/fs/WindowsException'{0x0000000097a6bb90}> (0x0000000097a6bb90) 
thrown [s\open\src\hotspot\share\prims\jni.cpp, line 516]
Event: 50.125 Thread 0x00000175dc2af3f0 Exception <a 'sun/nio/fs/WindowsException'{0x0000000097aa10d0}> (0x0000000097aa10d0) 
thrown [s\open\src\hotspot\share\prims\jni.cpp, line 516]
Event: 50.131 Thread 0x00000175dc2af3f0 Exception <a 'sun/nio/fs/WindowsException'{0x0000000097af55b8}> (0x0000000097af55b8) 
thrown [s\open\src\hotspot\share\prims\jni.cpp, line 516]
Event: 50.137 Thread 0x00000175dc2af3f0 Exception <a 'sun/nio/fs/WindowsException'{0x0000000097924a38}> (0x0000000097924a38) 
thrown [s\open\src\hotspot\share\prims\jni.cpp, line 516]
Event: 50.143 Thread 0x00000175dc2af3f0 Exception <a 'sun/nio/fs/WindowsException'{0x0000000097957270}> (0x0000000097957270) 
thrown [s\open\src\hotspot\share\prims\jni.cpp, line 516]
Event: 50.149 Thread 0x00000175dc2b4a00 Exception <a 'sun/nio/fs/WindowsException'{0x00000000979a4c50}> (0x00000000979a4c50) 
thrown [s\open\src\hotspot\share\prims\jni.cpp, line 516]
Event: 50.155 Thread 0x00000175dc2b4a00 Exception <a 'sun/nio/fs/WindowsException'{0x00000000979d4280}> (0x00000000979d4280) 
thrown [s\open\src\hotspot\share\prims\jni.cpp, line 516]
Event: 50.162 Thread 0x00000175dc2b4a00 Exception <a 'sun/nio/fs/WindowsException'{0x00000000978036c8}> (0x00000000978036c8) 
thrown [s\open\src\hotspot\share\prims\jni.cpp, line 516]
Event: 50.168 Thread 0x00000175dc2b4a00 Exception <a 'sun/nio/fs/WindowsException'{0x0000000097840320}> (0x0000000097840320) 
thrown [s\open\src\hotspot\share\prims\jni.cpp, line 516]
Event: 50.174 Thread 0x00000175dc2b4a00 Exception <a 'sun/nio/fs/WindowsException'{0x0000000097885b00}> (0x0000000097885b00) 
thrown [s\open\src\hotspot\share\prims\jni.cpp, line 516]
Event: 50.181 Thread 0x00000175dcd94db0 Exception <a 'sun/nio/fs/WindowsException'{0x0000000099344868}> (0x0000000099344868) 
thrown [s\open\src\hotspot\share\prims\jni.cpp, line 516]
Event: 50.287 Thread 0x00000175dcd94db0 Exception <a 'java/lang/NoSuchMethodError'{0x000000009647f5f8}: static Ljava/lang/Object;.<clinit>()V> (0x000000009647f5f8) 
thrown [s\open\src\hotspot\share\prims\jni.cpp, line 1112]
Event: 50.598 Thread 0x00000175dcd94db0 Exception <a 'java/lang/NoSuchMethodError'{0x00000000957644a0}: 'java.lang.Object java.lang.invoke.DirectMethodHandle$Holder.invokeInterface(java.lang.Object, java.lang.Object, java.lang.Object, java.lang.Object)'> (0x00000000957644a0) 
thrown [s\open\src\hotspot\share\interpreter\linkResolver.cpp, line 759]

VM Operations (20 events):
Event: 48.295 Executing VM operation: HandshakeAllThreads
Event: 48.296 Executing VM operation: HandshakeAllThreads done
Event: 48.348 Executing VM operation: ICBufferFull
Event: 48.348 Executing VM operation: ICBufferFull done
Event: 48.702 Executing VM operation: ICBufferFull
Event: 48.703 Executing VM operation: ICBufferFull done
Event: 49.154 Executing VM operation: G1CollectForAllocation
Event: 49.176 Executing VM operation: G1CollectForAllocation done
Event: 49.759 Executing VM operation: ICBufferFull
Event: 49.760 Executing VM operation: ICBufferFull done
Event: 49.761 Executing VM operation: ICBufferFull
Event: 49.761 Executing VM operation: ICBufferFull done
Event: 49.912 Executing VM operation: G1CollectForAllocation
Event: 49.941 Executing VM operation: G1CollectForAllocation done
Event: 50.360 Executing VM operation: HandshakeAllThreads
Event: 50.360 Executing VM operation: HandshakeAllThreads done
Event: 50.426 Executing VM operation: HandshakeAllThreads
Event: 50.426 Executing VM operation: HandshakeAllThreads done
Event: 50.429 Executing VM operation: HandshakeAllThreads
Event: 50.430 Executing VM operation: HandshakeAllThreads done

Events (20 events):
Event: 50.558 loading class java/lang/ProcessBuilder$NullInputStream
Event: 50.558 loading class java/lang/ProcessBuilder$NullInputStream done
Event: 50.598 Thread 0x00000175e7db6b80 Thread exited: 0x00000175e7db6b80
Event: 50.694 Thread 0x00000175e7db6b80 Thread added: 0x00000175e7db6b80
Event: 50.694 Thread 0x00000175e1f5d790 Thread added: 0x00000175e1f5d790
Event: 50.742 Thread 0x00000175e7db6b80 Thread exited: 0x00000175e7db6b80
Event: 50.742 Thread 0x00000175e1f5d790 Thread exited: 0x00000175e1f5d790
Event: 50.749 loading class java/net/BindException
Event: 50.749 loading class java/net/BindException done
Event: 50.750 loading class java/nio/BufferOverflowException
Event: 50.750 loading class java/nio/BufferOverflowException done
Event: 50.754 loading class sun/nio/ch/ServerSocketChannelImpl$DefaultOptionsHolder
Event: 50.754 loading class sun/nio/ch/ServerSocketChannelImpl$DefaultOptionsHolder done
Event: 50.754 Thread 0x00000175e7db6b80 Thread added: 0x00000175e7db6b80
Event: 50.755 loading class java/nio/channels/AsynchronousCloseException
Event: 50.755 loading class java/nio/channels/AsynchronousCloseException done
Event: 50.756 Thread 0x00000175e7ced7e0 Thread added: 0x00000175e7ced7e0
Event: 50.757 loading class sun/nio/ch/SocketChannelImpl$DefaultOptionsHolder
Event: 50.757 loading class sun/nio/ch/SocketChannelImpl$DefaultOptionsHolder done
Event: 50.771 Thread 0x00000175e7cf5160 Thread added: 0x00000175e7cf5160


Dynamic libraries:
0x00007ff78dfe0000 - 0x00007ff78dff0000 	C:\Program Files\Java\jdk-17\bin\java.exe
0x00007fffbe650000 - 0x00007fffbe848000 	C:\Windows\SYSTEM32\ntdll.dll
0x00007fffbca90000 - 0x00007fffbcb51000 	C:\Windows\System32\KERNEL32.DLL
0x00007fffbc210000 - 0x00007fffbc506000 	C:\Windows\System32\KERNELBASE.dll
0x00007fffbc580000 - 0x00007fffbc680000 	C:\Windows\System32\ucrtbase.dll
0x00007fffa5880000 - 0x00007fffa5899000 	C:\Program Files\Java\jdk-17\bin\jli.dll
0x00007fffa1a00000 - 0x00007fffa1a1b000 	C:\Program Files\Java\jdk-17\bin\VCRUNTIME140.dll
0x00007fffbdec0000 - 0x00007fffbdf70000 	C:\Windows\System32\ADVAPI32.dll
0x00007fffbd2b0000 - 0x00007fffbd34e000 	C:\Windows\System32\msvcrt.dll
0x00007fffbe3e0000 - 0x00007fffbe480000 	C:\Windows\System32\sechost.dll
0x00007fffbe4e0000 - 0x00007fffbe603000 	C:\Windows\System32\RPCRT4.dll
0x00007fffbc190000 - 0x00007fffbc1b7000 	C:\Windows\System32\bcrypt.dll
0x00007fffbc870000 - 0x00007fffbca0f000 	C:\Windows\System32\USER32.dll
0x00007fffbbef0000 - 0x00007fffbbf12000 	C:\Windows\System32\win32u.dll
0x00007fffbc840000 - 0x00007fffbc86b000 	C:\Windows\System32\GDI32.dll
0x00007fffbb150000 - 0x00007fffbb3ea000 	C:\Windows\WinSxS\amd64_microsoft.windows.common-controls_6595b64144ccf1df_6.0.19041.4355_none_60b8b9eb71f62e16\COMCTL32.dll
0x00007fffbc070000 - 0x00007fffbc187000 	C:\Windows\System32\gdi32full.dll
0x00007fffbbf20000 - 0x00007fffbbfbd000 	C:\Windows\System32\msvcp_win.dll
0x00007fffb96f0000 - 0x00007fffb96fa000 	C:\Windows\SYSTEM32\VERSION.dll
0x00007fffbd170000 - 0x00007fffbd19f000 	C:\Windows\System32\IMM32.DLL
0x00007fffa9550000 - 0x00007fffa955c000 	C:\Program Files\Java\jdk-17\bin\vcruntime140_1.dll
0x00007fff6a830000 - 0x00007fff6a8be000 	C:\Program Files\Java\jdk-17\bin\msvcp140.dll
0x00007fff36550000 - 0x00007fff37130000 	C:\Program Files\Java\jdk-17\bin\server\jvm.dll
0x00007fffbd3c0000 - 0x00007fffbd3c8000 	C:\Windows\System32\PSAPI.DLL
0x00007fffa6810000 - 0x00007fffa6819000 	C:\Windows\SYSTEM32\WSOCK32.dll
0x00007fff98880000 - 0x00007fff988a7000 	C:\Windows\SYSTEM32\WINMM.dll
0x00007fffbcc90000 - 0x00007fffbccfb000 	C:\Windows\System32\WS2_32.dll
0x00007fffb9710000 - 0x00007fffb9722000 	C:\Windows\SYSTEM32\kernel.appcore.dll
0x00007fffa5cf0000 - 0x00007fffa5cfa000 	C:\Program Files\Java\jdk-17\bin\jimage.dll
0x00007fffbb6e0000 - 0x00007fffbb8c4000 	C:\Windows\SYSTEM32\DBGHELP.DLL
0x00007fffbb620000 - 0x00007fffbb654000 	C:\Windows\SYSTEM32\dbgcore.DLL
0x00007fffbbe60000 - 0x00007fffbbee2000 	C:\Windows\System32\bcryptPrimitives.dll
0x00007fffa1a90000 - 0x00007fffa1a9e000 	C:\Program Files\Java\jdk-17\bin\instrument.dll
0x00007fff79490000 - 0x00007fff794b5000 	C:\Program Files\Java\jdk-17\bin\java.dll
0x00007fff685f0000 - 0x00007fff686c7000 	C:\Program Files\Java\jdk-17\bin\jsvml.dll
0x00007fffbd750000 - 0x00007fffbdebc000 	C:\Windows\System32\SHELL32.dll
0x00007fffb8f10000 - 0x00007fffb96ae000 	C:\Windows\SYSTEM32\windows.storage.dll
0x00007fffbe080000 - 0x00007fffbe3d3000 	C:\Windows\System32\combase.dll
0x00007fffbafc0000 - 0x00007fffbafee000 	C:\Windows\SYSTEM32\Wldp.dll
0x00007fffbc710000 - 0x00007fffbc7dd000 	C:\Windows\System32\OLEAUT32.dll
0x00007fffbdfd0000 - 0x00007fffbe07d000 	C:\Windows\System32\SHCORE.dll
0x00007fffbdf70000 - 0x00007fffbdfc5000 	C:\Windows\System32\shlwapi.dll
0x00007fffbbc30000 - 0x00007fffbbc54000 	C:\Windows\SYSTEM32\profapi.dll
0x00007fff8ad20000 - 0x00007fff8ad38000 	C:\Program Files\Java\jdk-17\bin\zip.dll
0x00007fff8bd80000 - 0x00007fff8bd99000 	C:\Program Files\Java\jdk-17\bin\net.dll
0x00007fffb4e20000 - 0x00007fffb4f2a000 	C:\Windows\SYSTEM32\WINHTTP.dll
0x00007fffbacd0000 - 0x00007fffbad3a000 	C:\Windows\system32\mswsock.dll
0x00007fff8ad50000 - 0x00007fff8ad66000 	C:\Program Files\Java\jdk-17\bin\nio.dll
0x00007fffa5690000 - 0x00007fffa56a0000 	C:\Program Files\Java\jdk-17\bin\verify.dll
0x00007fff78790000 - 0x00007fff787b7000 	C:\Users\DELL\.gradle\native\68d5fa5c4cc2d200863cafc0d521ce42e7d3e7ee720ec0a83991735586a16f82\windows-amd64\native-platform.dll
0x00007fff684a0000 - 0x00007fff685e4000 	C:\Users\DELL\.gradle\native\e376f236ea51e6404a007f0833ffe2c6e607c4080706a723a18a27aeea778392\windows-amd64\native-platform-file-events.dll
0x00007fffa4710000 - 0x00007fffa471a000 	C:\Program Files\Java\jdk-17\bin\management.dll
0x00007fffa44a0000 - 0x00007fffa44ab000 	C:\Program Files\Java\jdk-17\bin\management_ext.dll
0x00007fffbb9f0000 - 0x00007fffbba08000 	C:\Windows\SYSTEM32\CRYPTSP.dll
0x00007fffba690000 - 0x00007fffba6c4000 	C:\Windows\system32\rsaenh.dll
0x00007fffbbba0000 - 0x00007fffbbbce000 	C:\Windows\SYSTEM32\USERENV.dll
0x00007fffbaea0000 - 0x00007fffbaeac000 	C:\Windows\SYSTEM32\CRYPTBASE.dll
0x00007fffba9f0000 - 0x00007fffbaa2b000 	C:\Windows\SYSTEM32\IPHLPAPI.DLL
0x00007fffbd3b0000 - 0x00007fffbd3b8000 	C:\Windows\System32\NSI.dll
0x00007fffaffc0000 - 0x00007fffaffd7000 	C:\Windows\SYSTEM32\dhcpcsvc6.DLL
0x00007fffb0600000 - 0x00007fffb061d000 	C:\Windows\SYSTEM32\dhcpcsvc.DLL
0x00007fffbaa30000 - 0x00007fffbaafa000 	C:\Windows\SYSTEM32\DNSAPI.dll
0x00007fffa1980000 - 0x00007fffa198e000 	C:\Program Files\Java\jdk-17\bin\sunmscapi.dll
0x00007fffbbd00000 - 0x00007fffbbe5e000 	C:\Windows\System32\CRYPT32.dll
0x00007fffbb030000 - 0x00007fffbb059000 	C:\Windows\SYSTEM32\ncrypt.dll
0x00007fffbaff0000 - 0x00007fffbb02b000 	C:\Windows\SYSTEM32\NTASN1.dll
0x00007fff90990000 - 0x00007fff90997000 	C:\Windows\system32\wshunix.dll
0x00007fffb2db0000 - 0x00007fffb2dc7000 	C:\Windows\system32\napinsp.dll
0x00007fffa8890000 - 0x00007fffa88ab000 	C:\Windows\system32\pnrpnsp.dll
0x00007fff8d4e0000 - 0x00007fff8d4f5000 	C:\Windows\system32\wshbth.dll
0x00007fffb4df0000 - 0x00007fffb4e0d000 	C:\Windows\system32\NLAapi.dll
0x00007fffa8870000 - 0x00007fffa8882000 	C:\Windows\System32\winrnr.dll
0x00007fffaff70000 - 0x00007fffaff7a000 	C:\Windows\System32\rasadhlp.dll
0x00007fffaeb00000 - 0x00007fffaeb80000 	C:\Windows\System32\fwpuclnt.dll

dbghelp: loaded successfully - version: 4.0.5 - missing functions: none
symbol engine: initialized successfully - sym options: 0x614 - pdb path: .;C:\Program Files\Java\jdk-17\bin;C:\Windows\SYSTEM32;C:\Windows\WinSxS\amd64_microsoft.windows.common-controls_6595b64144ccf1df_6.0.19041.4355_none_60b8b9eb71f62e16;C:\Program Files\Java\jdk-17\bin\server;C:\Users\DELL\.gradle\native\68d5fa5c4cc2d200863cafc0d521ce42e7d3e7ee720ec0a83991735586a16f82\windows-amd64;C:\Users\DELL\.gradle\native\e376f236ea51e6404a007f0833ffe2c6e607c4080706a723a18a27aeea778392\windows-amd64

VM Arguments:
jvm_args: -XX:MaxMetaspaceSize=512m --add-opens=java.base/java.util=ALL-UNNAMED --add-opens=java.base/java.lang=ALL-UNNAMED --add-opens=java.base/java.lang.invoke=ALL-UNNAMED --add-opens=java.prefs/java.util.prefs=ALL-UNNAMED --add-opens=java.base/java.nio.charset=ALL-UNNAMED --add-opens=java.base/java.net=ALL-UNNAMED --add-opens=java.base/java.util.concurrent.atomic=ALL-UNNAMED -Xmx2048m -Dfile.encoding=windows-1252 -Duser.country=GB -Duser.language=en -Duser.variant -javaagent:C:\Users\DELL\.gradle\wrapper\dists\gradle-8.3-all\6en3ugtfdg5xnpx44z4qbwgas\gradle-8.3\lib\agents\gradle-instrumentation-agent-8.3.jar 
java_command: org.gradle.launcher.daemon.bootstrap.GradleDaemon 8.3
java_class_path (initial): C:\Users\DELL\.gradle\wrapper\dists\gradle-8.3-all\6en3ugtfdg5xnpx44z4qbwgas\gradle-8.3\lib\gradle-launcher-8.3.jar
Launcher Type: SUN_STANDARD

[Global flags]
     intx CICompilerCount                          = 4                                         {product} {ergonomic}
   size_t CompressedClassSpaceSize                 = 436207616                                 {product} {ergonomic}
     uint ConcGCThreads                            = 2                                         {product} {ergonomic}
     uint G1ConcRefinementThreads                  = 8                                         {product} {ergonomic}
   size_t G1HeapRegionSize                         = 1048576                                   {product} {ergonomic}
    uintx GCDrainStackTargetSize                   = 64                                        {product} {ergonomic}
   size_t InitialHeapSize                          = 264241152                                 {product} {ergonomic}
   size_t MarkStackSize                            = 4194304                                   {product} {ergonomic}
   size_t MaxHeapSize                              = 2147483648                                {product} {command line}
   size_t MaxMetaspaceSize                         = 536870912                                 {product} {command line}
   size_t MaxNewSize                               = 1287651328                                {product} {ergonomic}
   size_t MinHeapDeltaBytes                        = 1048576                                   {product} {ergonomic}
   size_t MinHeapSize                              = 8388608                                   {product} {ergonomic}
    uintx NonNMethodCodeHeapSize                   = 5839372                                {pd product} {ergonomic}
    uintx NonProfiledCodeHeapSize                  = 122909434                              {pd product} {ergonomic}
    uintx ProfiledCodeHeapSize                     = 122909434                              {pd product} {ergonomic}
    uintx ReservedCodeCacheSize                    = 251658240                              {pd product} {ergonomic}
     bool SegmentedCodeCache                       = true                                      {product} {ergonomic}
   size_t SoftMaxHeapSize                          = 2147483648                             {manageable} {ergonomic}
     bool UseCompressedClassPointers               = true                           {product lp64_product} {ergonomic}
     bool UseCompressedOops                        = true                           {product lp64_product} {ergonomic}
     bool UseG1GC                                  = true                                      {product} {ergonomic}
     bool UseLargePagesIndividualAllocation        = false                                  {pd product} {ergonomic}

Logging:
Log output configuration:
 #0: stdout all=warning uptime,level,tags
 #1: stderr all=off uptime,level,tags

Environment Variables:
JAVA_HOME=C:\Program Files\Java\jdk-17
CLASSPATH=D:\NewReactNative\NewFrontend\android\\gradle\wrapper\gradle-wrapper.jar
PATH=D:\NewReactNative\NewFrontend\node_modules\.bin;D:\NewReactNative\NewFrontend\node_modules\.bin;D:\NewReactNative\node_modules\.bin;D:\node_modules\.bin;C:\Program Files\nodejs\node_modules\npm\node_modules\@npmcli\run-script\lib\node-gyp-bin;C:\Python312\Scripts\;C:\Python312\;C:\Program Files\Common Files\Oracle\Java\javapath;C:\Windows\system32;C:\Windows;C:\Windows\System32\Wbem;C:\Windows\System32\WindowsPowerShell\v1.0\;C:\Windows\System32\OpenSSH\;C:\ProgramData\chocolatey\bin;C:\Program Files\Git\cmd;C:\MinGW\bin;C:\Users\DELL\AppData\Roaming\nvm;C:\Program Files\nodejs;C:\Program Files\nodejs\;C:\Users\DELL\AppData\Local\Microsoft\WindowsApps;C:\Users\DELL\AppData\Local\Android\Sdk\platform-tools;C:\Users\DELL\AppData\Local\Programs\Microsoft VS Code\bin;C:\Users\DELL\AppData\Roaming\nvm;C:\Program Files\nodejs;C:\Users\DELL\AppData\Roaming\npm;C:\Program Files\Java\jdk-17\bin;
USERNAME=DELL
OS=Windows_NT
PROCESSOR_IDENTIFIER=Intel64 Family 6 Model 142 Stepping 12, GenuineIntel



---------------  S Y S T E M  ---------------

OS:
 Windows 10 , 64 bit Build 19041 (10.0.19041.4597)
OS uptime: 1 days 20:19 hours

CPU: total 8 (initial active 8) (4 cores per cpu, 2 threads per core) family 6 model 142 stepping 12 microcode 0xf8, cx8, cmov, fxsr, ht, mmx, 3dnowpref, sse, sse2, sse3, ssse3, sse4.1, sse4.2, popcnt, lzcnt, tsc, tscinvbit, avx, avx2, aes, erms, clmul, bmi1, bmi2, adx, fma, vzeroupper, clflush, clflushopt

Memory: 4k page, system-wide physical 16067M (6851M free)
TotalPageFile size 18945M (AvailPageFile size 7318M)
current process WorkingSet (physical memory assigned to process): 747M, peak: 773M
current process commit charge ("private bytes"): 803M, peak: 822M

vm_info: Java HotSpot(TM) 64-Bit Server VM (17.0.11+7-LTS-207) for windows-amd64 JRE (17.0.11+7-LTS-207), built on Mar 11 2024 19:01:50 by "mach5one" with MS VC++ 17.6 (VS2022)

END.
